dmHSwlmS9iY	The Week In The Life Cycle Of Price	https://www.youtube.com/watch?v=dmHSwlmS9iY	5125	NA
RVHX56v-gUo	PPI Market Review August 13, 2026	https://www.youtube.com/watch?v=RVHX56v-gUo	707	NA
La2fTewydjw	Whats So Smart About My Concepts?	https://www.youtube.com/watch?v=La2fTewydjw	1662	NA
KEqzv2yOAf0	ES Day Trade Review With 1min & 15Sec Timeframe	https://www.youtube.com/watch?v=KEqzv2yOAf0	3876	NA
0Bu4g-2aMA4	AM Session Review & Course Correction	https://www.youtube.com/watch?v=0Bu4g-2aMA4	448	NA
C7CwjBOtHwM	How To Frame Sessions In High Resistance Liquiidity Run Conditions	https://www.youtube.com/watch?v=C7CwjBOtHwM	1007	NA
O217xQsEUgI	Navigating High Resistance Liquidity Run Conditions	https://www.youtube.com/watch?v=O217xQsEUgI	1610	NA
hIusATccCcM	Case Study With NonFarm Payroll & NQ Futures \ August 07, 2026	https://www.youtube.com/watch?v=hIusATccCcM	3467	NA
tByaPnk3fc4	ICT Price Action Chronicles - The Science Of Anticipation In Price Action	https://www.youtube.com/watch?v=tByaPnk3fc4	3080	NA
HFWqQelvrJw	ICT Price Action Chronicles - MOC Crushing The Buying & Selling Pressure Myth	https://www.youtube.com/watch?v=HFWqQelvrJw	3162	NA
PP1-i0ti_tQ	ICT Price Action Chronicles - Market On Close Macro	https://www.youtube.com/watch?v=PP1-i0ti_tQ	2269	NA
BD7kqmgdBU8	Part 2 High Precision Secrets To Intraday Price Action	https://www.youtube.com/watch?v=BD7kqmgdBU8	3108	NA
DRTvbkKmuAw	Part 1 \ High Precision Secrets To Intraday Price Action	https://www.youtube.com/watch?v=DRTvbkKmuAw	3575	NA
uws9egBxPLI	Market Review NQ July 31, 2026	https://www.youtube.com/watch?v=uws9egBxPLI	3058	NA
4SJlJdIANCo	ICT Algorithmic Time & Price Grids	https://www.youtube.com/watch?v=4SJlJdIANCo	4493	NA
J9G1j3-e1GU	Predicting Session Low & High With Executions	https://www.youtube.com/watch?v=J9G1j3-e1GU	642	NA
gXyoGuaOUgs	Full Trade Entry To Premature Close Due To Family Emergency [Silent]	https://www.youtube.com/watch?v=gXyoGuaOUgs	3683	NA
V5crdCw0AsY	Chain Of Custody Of Price With RTH ORG	https://www.youtube.com/watch?v=V5crdCw0AsY	864	NA
XKjdVwBUs2E	Chain Of Custody Of Price With Daily Inefficiencies	https://www.youtube.com/watch?v=XKjdVwBUs2E	1065	NA
dYQSUCSbYn8	ICT Chain Of Custody Of Price	https://www.youtube.com/watch?v=dYQSUCSbYn8	3563	NA
NlVsWchsF9g	Silent Long Form Asian Short 07/22/2026	https://www.youtube.com/watch?v=NlVsWchsF9g	2930	NA
2H_qpeIp2rY	Nasdaq Futures Trade Review & Commentary - July 22, 2026	https://www.youtube.com/watch?v=2H_qpeIp2rY	1107	NA
e6XwTK4hVqI	Reviewing High Resistance Liquidity Run Conditions - July 21, 2026	https://www.youtube.com/watch?v=e6XwTK4hVqI	828	NA
tp0qkiWCctw	Trading In High Resistance Liquidity Run Conditions - July 21, 2026	https://www.youtube.com/watch?v=tp0qkiWCctw	3194	NA
2L88yH3LKcs	NQ Futures Trade Review - July 20, 2026	https://www.youtube.com/watch?v=2L88yH3LKcs	2171	NA
xbtW_0ipuos	Futures General Commentary - July 20, 2026	https://www.youtube.com/watch?v=xbtW_0ipuos	1499	NA
NPU4gsM9jqA	NQ Futures Weekly Range Market Wizardry	https://www.youtube.com/watch?v=NPU4gsM9jqA	2356	NA
KHkUPAsdyfk	Midnight ET Principles In Relationship To PreMArket Session	https://www.youtube.com/watch?v=KHkUPAsdyfk	481	NA
Dj0663u7VRc	Trade Explanation AM Session & Hangman PD Array 07\16\2026	https://www.youtube.com/watch?v=Dj0663u7VRc	2069	NA
jXj8YYH7kiY	Daytrading Short NQ AM Session - Working In Silence 07\16\2026	https://www.youtube.com/watch?v=jXj8YYH7kiY	634	NA
LBrsLPKXZ2E	Post PPI NQ Futures Commentary \ Weekly Analysis Delivered - 07/15/2026	https://www.youtube.com/watch?v=LBrsLPKXZ2E	1647	NA
IF7dEkgWoO0	Post CPI NQ Futures Commentary \ Monday Analysis Delivered - 07/15/2026	https://www.youtube.com/watch?v=IF7dEkgWoO0	1089	NA
fFi2QEApVGM	Trading Complex Opening Ranges With Fed Impact 07/14/2026	https://www.youtube.com/watch?v=fFi2QEApVGM	1351	NA
bz4QNPcpmWE	Part 2 \ How To Probe Low Probability RTH Opening Ranges 07/14/2026	https://www.youtube.com/watch?v=bz4QNPcpmWE	905	NA
rtIcbG6twrI	How To Probe Low Probability RTH Opening Ranges 07/13/2026	https://www.youtube.com/watch?v=rtIcbG6twrI	3086	NA
JmAJfuSkY1g	Market Review & NQ Futures Trade Recap 07/08/2026	https://www.youtube.com/watch?v=JmAJfuSkY1g	1675	NA
zq4hz_XiTRE	One Shot - One Kill Trade Setup Review	https://www.youtube.com/watch?v=zq4hz_XiTRE	1650	NA
N3qz13Hl-gg	Analysis Delivering On NQ	https://www.youtube.com/watch?v=N3qz13Hl-gg	828	NA
2bke4YH6ZuE	Post US Holiday Monday Followup	https://www.youtube.com/watch?v=2bke4YH6ZuE	1365	NA
cDjxtT4-O-Q	Weekend US Holiday Volume Protocol	https://www.youtube.com/watch?v=cDjxtT4-O-Q	1690	NA
EZB4vBUFdHw	Missed Entry How To Navigate The Same Trade Idea	https://www.youtube.com/watch?v=EZB4vBUFdHw	1152	NA
pq9WuZ9q4Bg	Futures Market Review \ Lecture On Shadows Validating PD Arrays	https://www.youtube.com/watch?v=pq9WuZ9q4Bg	3328	NA
rbNhlJSXDaA	Enigma FVG Projections & Protractions & Review \ June 27, 2026	https://www.youtube.com/watch?v=rbNhlJSXDaA	4149	NA
hxdAOfcp6gE	Futures Commentary & Motivational Lecture \ June 24, 2026	https://www.youtube.com/watch?v=hxdAOfcp6gE	6224	NA
k2QLuxMIZio	Teaching Calub Complex Opening Range Delivery \ June 22, 2026	https://www.youtube.com/watch?v=k2QLuxMIZio	640	NA
bUN_f8U_1Eg	Futures Market Commentary \ June 18, 2026	https://www.youtube.com/watch?v=bUN_f8U_1Eg	1282	NA
18vX-vv2bsg	Futures Commentary \ June 09, 2026	https://www.youtube.com/watch?v=18vX-vv2bsg	1476	NA
kzeFqGK9gCQ	ICT Reaper FVG - Long NQ Terminus Daily V.I. \ June 08, 2026	https://www.youtube.com/watch?v=kzeFqGK9gCQ	991	NA
UTrm6uCOUZo	Futures Review & Commentary \ June 07, 2026	https://www.youtube.com/watch?v=UTrm6uCOUZo	1200	NA
7M-AO01cAZ8	NQ Futures Review & Commentary \ June 03, 2026	https://www.youtube.com/watch?v=7M-AO01cAZ8	810	NA
bqmqylAuLcI	NQ Futures Review & Commentary \ June 02, 2026	https://www.youtube.com/watch?v=bqmqylAuLcI	511	NA
S0A8GP0iipc	Early bird...	https://www.youtube.com/watch?v=S0A8GP0iipc	2270	NA
dwMgP2zkH0w	Oil Review & General Commentary	https://www.youtube.com/watch?v=dwMgP2zkH0w	573	NA
7zlblhLGraA	Tapereading \ Practice Session Final Hour ES	https://www.youtube.com/watch?v=7zlblhLGraA	1222	NA
d8du4fMvOQU	Turning Loss Into Gain - Market Alchemy	https://www.youtube.com/watch?v=d8du4fMvOQU	5674	NA
CPOtaP1Z0pY	I Am Michael \ May 11, 2026	https://www.youtube.com/watch?v=CPOtaP1Z0pY	81	NA
jz0RbL1oVK8	ICT 2026 Trading MNQ Futures & CFD US100 \ April 28, 2026	https://www.youtube.com/watch?v=jz0RbL1oVK8	1854	NA
BOZTN4VzzeA	ICT 2026 MNQ ATH Reversal Again \ April 23, 2026	https://www.youtube.com/watch?v=BOZTN4VzzeA	601	NA
6VaEdP4TYe8	ICT 2026 Fading Run To ATH Using MMSM \ Judas Swing \ April 22, 2026	https://www.youtube.com/watch?v=6VaEdP4TYe8	2996	NA
3J8drYX2zHM	ICT 2026 Asian Session Short Review \ April 14, 2026	https://www.youtube.com/watch?v=3J8drYX2zHM	645	NA
C90xGr3kW8Y	ICT 2026 New York Lunch Algorithmic Theory \ March 11, 2026	https://www.youtube.com/watch?v=C90xGr3kW8Y	1660	NA
clG2IDpEcjE	ICT 2026 Micro Emini S&P 500 Live Trade Execution \ March 09, 2026	https://www.youtube.com/watch?v=clG2IDpEcjE	1037	NA
WVIjXP26AhQ	ICT 2026 Smart Money Concepts Live Trade PreSession CISD \ February 24, 2026	https://www.youtube.com/watch?v=WVIjXP26AhQ	200	NA
z5ytUvVeUoQ	ICT 2026 Forex & Futures Commentary \ February 17, 2026	https://www.youtube.com/watch?v=z5ytUvVeUoQ	1253	NA
486N8ow3U2A	ICT Technical Review \ NQ Futures March \ February 03, 2026	https://www.youtube.com/watch?v=486N8ow3U2A	825	NA
zyKAPNk_prA	How Do I Engage Markets When I Don't Have An Initial Bias?	https://www.youtube.com/watch?v=zyKAPNk_prA	922	NA
Nwm9p-QF35w	ICT Zircon Model Demonstration Only - Silent No Audio - January 30, 2026	https://www.youtube.com/watch?v=Nwm9p-QF35w	1991	NA
Jxl5UJk_ylc	ICT 2026 Smart Money Concepts In Action \ January 06, 2026	https://www.youtube.com/watch?v=Jxl5UJk_ylc	1007	NA
rXgEMIJ1fQg	From Vision To Execution	https://www.youtube.com/watch?v=rXgEMIJ1fQg	3311	NA
Zm9Q0NDRxoY	ICT Opening Range Theory \ 1st Presented FVG Logic	https://www.youtube.com/watch?v=Zm9Q0NDRxoY	2092	NA
g9BctYx0LaI	ICT Forex & Futures Market Review \ October 15, 2025	https://www.youtube.com/watch?v=g9BctYx0LaI	1125	NA
C_0Jh7HwCUI	Advanced ICT Liquidity Concepts \ October 11, 2025	https://www.youtube.com/watch?v=C_0Jh7HwCUI	4442	NA
uT68tcowU-c	ICT Forex & Futures Market Review October 4, 2025	https://www.youtube.com/watch?v=uT68tcowU-c	1018	NA
rxot6S73Lvs	ICT Forex & Futures Market Review October 3, 2025	https://www.youtube.com/watch?v=rxot6S73Lvs	1740	NA
-Td-D-vKJDg	ICT Suspension Block & Review September 30, 2025	https://www.youtube.com/watch?v=-Td-D-vKJDg	1345	NA
K4KFcDiXD5M	Focus On Forex & Index Futures September 29, 2025	https://www.youtube.com/watch?v=K4KFcDiXD5M	1400	NA
-g7vnzaRDv4	Focus On Index Futures September 25, 2025	https://www.youtube.com/watch?v=-g7vnzaRDv4	738	NA
tNL_BtccMfA	Focus On Forex DXY EurUsd GbpUsd 09/25/2025	https://www.youtube.com/watch?v=tNL_BtccMfA	678	NA
8DWi2wLWv30	Focus On Index Futures September 24, 2025 \ Intermediate Term High Continued	https://www.youtube.com/watch?v=8DWi2wLWv30	480	NA
gDFZ4p1BI1c	Focus On Forex DXY EurUsd GbpUsd 09/24/2025	https://www.youtube.com/watch?v=gDFZ4p1BI1c	1712	NA
PPCVZ2m3Dk8	Focus On Index Futures September 23, 2025 \ Intermediate Term High	https://www.youtube.com/watch?v=PPCVZ2m3Dk8	735	NA
OC-ilNjtYsM	Focus On Index Futures September 22, 2025	https://www.youtube.com/watch?v=OC-ilNjtYsM	440	NA
wcSH7zlQ1Zc	Focus On Forex September 22, 2025	https://www.youtube.com/watch?v=wcSH7zlQ1Zc	894	NA
b4DOrfGau8w	Trading All Time Highs and Disregarding TGIF	https://www.youtube.com/watch?v=b4DOrfGau8w	906	NA
POUT0pVs4U0	Trading Friday Sellside Under 1st Presented FVG	https://www.youtube.com/watch?v=POUT0pVs4U0	1380	NA
dA2CHAN1DzY	Trading Premarket and Regular Session Liquidity	https://www.youtube.com/watch?v=dA2CHAN1DzY	1365	NA
SoBjcbxvDM8	Cooking breakfast and NQ...	https://www.youtube.com/watch?v=SoBjcbxvDM8	2000	NA
7pW4-84U1RE	Trading FOMC Two Stage Delivery	https://www.youtube.com/watch?v=7pW4-84U1RE	1533	NA
pn1OgwxlK4U	Trading All Time Market Highs	https://www.youtube.com/watch?v=pn1OgwxlK4U	1111	NA
1QVRfxziw1I	NQ 23400 Draw On Liquidity September 03, 2025 [Silent Example]	https://www.youtube.com/watch?v=1QVRfxziw1I	569	NA
ixKzHykP0CY	2025 Storytellers Series - Daily High To Low June 21, 2025	https://www.youtube.com/watch?v=ixKzHykP0CY	2731	NA
L6DHi1iXRW0	2025 Lecture Series - Keys To Success In Troubled Markets June 16, 2025	https://www.youtube.com/watch?v=L6DHi1iXRW0	1536	NA
fjvD0HFoN9o	Chatting With TBM and trading Spooz...	https://www.youtube.com/watch?v=fjvD0HFoN9o	836	NA
CxT_b32UsB0	2025 Lecture Series - EurUsd & NQ Futures June 11, 2025	https://www.youtube.com/watch?v=CxT_b32UsB0	1285	NA
38-431ysWik	2025 Storytellers Series - NQ Futures June 05, 2025	https://www.youtube.com/watch?v=38-431ysWik	659	NA
08d62cZDXUk	2025 Storytellers Series - Dollar & EurUsd June 05, 2025	https://www.youtube.com/watch?v=08d62cZDXUk	1157	NA
77gN924c3FU	2025 Storytellers Series - NQ Review June 04, 2025	https://www.youtube.com/watch?v=77gN924c3FU	889	NA
kYw7zlxTqvA	2025 Storytellers Series - NQ Review June 02, 2025	https://www.youtube.com/watch?v=kYw7zlxTqvA	1401	NA
7lbbPDSI_Mc	2025 Lecture Series - NQ Review May 29, 2025	https://www.youtube.com/watch?v=7lbbPDSI_Mc	522	NA
uC4-1SYXJFg	2025 Lecture Series - NQ Review When 9:30am ET Is 1st Presented FVG May 18, 2025	https://www.youtube.com/watch?v=uC4-1SYXJFg	2903	NA
o38k6-twQCg	2025 Lecture Series - NQ Review Advanced 1st Presented FVG Trade May 16, 2025	https://www.youtube.com/watch?v=o38k6-twQCg	856	NA
VteCEU9i4Zc	2025 Lecture Series - NQ Review Presession Trade May 15, 2025	https://www.youtube.com/watch?v=VteCEU9i4Zc	644	NA
yAZS6840r7U	2025 Lecture Series - NQ Review Presession Buyside Turtle Soup Trade May 14, 2025	https://www.youtube.com/watch?v=yAZS6840r7U	255	NA
JlLAqucv5n8	2025 Lecture Series - NQ Review CPI No Trade May 13, 2025	https://www.youtube.com/watch?v=JlLAqucv5n8	309	NA
FjSHAOI-Mok	2025 Lecture Series - ICT Venom Example May 12, 2025	https://www.youtube.com/watch?v=FjSHAOI-Mok	1033	NA
Q0Xa-Vqy5vo	2025 Lecture Series - ICT Gauntlet & NQ AM Session May 07, 2025 Review	https://www.youtube.com/watch?v=Q0Xa-Vqy5vo	1648	NA
hj48OuvouBM	2025 Lecture Series - NQ AM Session May 05, 2025 Review	https://www.youtube.com/watch?v=hj48OuvouBM	498	NA
AmTpyveQsbg	2025 Lecture Series - NQ May 01, 2025 Review	https://www.youtube.com/watch?v=AmTpyveQsbg	1488	NA
mQsT-xux5Xk	2025 Lecture Series - NQ April 30, 2025 Review	https://www.youtube.com/watch?v=mQsT-xux5Xk	1153	NA
6ZFkXGo_Wjo	2025 Lecture Series - NQ April 28, 2025 Review	https://www.youtube.com/watch?v=6ZFkXGo_Wjo	916	NA
UaGxeE3AdqE	2025 Lecture Series - NQ Review April 24, 2025	https://www.youtube.com/watch?v=UaGxeE3AdqE	290	NA
28M9ouiKmSY	2025 Lecture Series - NQ Heavy Manipulation Review	https://www.youtube.com/watch?v=28M9ouiKmSY	1391	NA
5N4QHrY6DRc	2025 Lecture Series - Turtle Soup Deferred Entry With -Rejection Block	https://www.youtube.com/watch?v=5N4QHrY6DRc	1361	NA
AmrFr3zeubM	2025 Lecture Series - NQ Review & Extraordinary Volatility  \ 04/09/2025	https://www.youtube.com/watch?v=AmrFr3zeubM	1092	NA
y63zsrLCcCw	2025 Lecture Series - How To Disqualify 1st Presented FVGs  \ 04/08/2025	https://www.youtube.com/watch?v=y63zsrLCcCw	688	NA
JipPODfc5_U	2025 Lecture Series - NQ NFP Algorithmic Price Delivery  \ 04/04/2025	https://www.youtube.com/watch?v=JipPODfc5_U	439	NA
7wL2oyebbvU	2025 Lecture Series - ICT Venom Model Tutorial  \ 04/03/2025	https://www.youtube.com/watch?v=7wL2oyebbvU	2574	NA
0BpG3Ee_kIc	2025 Lecture Series - NQ Futures Review \ 04/01/2025	https://www.youtube.com/watch?v=0BpG3Ee_kIc	1474	NA
VCKZXKd8pN8	2025 Lecture Series - Weekly Option Strategy Intro \ 03/28/2025	https://www.youtube.com/watch?v=VCKZXKd8pN8	2379	NA
l4phBVDs2d4	2025 Lecture Series - Algorithmic Timing & Journaling \ 03/22/2025	https://www.youtube.com/watch?v=l4phBVDs2d4	4941	NA
-L9XMj50XG0	2025 Lecture Series - NQ Weekly Summary \ 02/28/2025	https://www.youtube.com/watch?v=-L9XMj50XG0	4078	NA
JfX77zCR_NM	2025 Lecture Series - Telegram Commentary Market Review 02/25/2025	https://www.youtube.com/watch?v=JfX77zCR_NM	1076	NA
4hkZEQiB02U	2025 Lecture Series - NY Lunch Macro Rules & PM Session & Final RTH Hour Of Trading 02/24/2025	https://www.youtube.com/watch?v=4hkZEQiB02U	1630	NA
BdmULCuem5Q	2025 Lecture Series - NQ Futures Live Execution With NY Lunch Macro 02/24/2025	https://www.youtube.com/watch?v=BdmULCuem5Q	489	NA
87Rs7pilxMA	2025 Lecture Series - NQ Futures Live Execution With Telegram Commentary 02/21/2025	https://www.youtube.com/watch?v=87Rs7pilxMA	1011	NA
WGGDbeRpo4w	2025 Lecture Series - Forex GbpUsd Live Execution London Open Killzone 02/21/2025	https://www.youtube.com/watch?v=WGGDbeRpo4w	3559	NA
U5peM9ykM78	2025 Lecture Series - Telegram Commentary Review 02/19/2025	https://www.youtube.com/watch?v=U5peM9ykM78	768	NA
M6kCfe5QgDg	Inner Musings On Trading One Model & My Venom Model [Example Only]	https://www.youtube.com/watch?v=M6kCfe5QgDg	551	NA
Sbu7tn8r03w	2025 Lecture Series - NQ Live Execution Using Analysis I Shared In Telegram 02/13/2025	https://www.youtube.com/watch?v=Sbu7tn8r03w	1248	NA
dWyXLze4c4k	2025 Lecture Series - Trading In High Resistance Liquidity Run Conditions With My Lunch Macro	https://www.youtube.com/watch?v=dWyXLze4c4k	545	NA
Oyn8OeGVL_4	Shotgun Saturday February 08, 2025	https://www.youtube.com/watch?v=Oyn8OeGVL_4	1703	NA
vgG9JAKwng4	2025 Lecture Series - Algorithmic Price Delivery Continuum	https://www.youtube.com/watch?v=vgG9JAKwng4	2369	NA
muL9EoMpYTM	2025 Lecture Series - Forex & NQ Review 02/05/2025	https://www.youtube.com/watch?v=muL9EoMpYTM	2868	NA
_2XQ2ja5jxM	2025 Lecture Series - NQ Live Execution Using Analysis I Shared In Student's Livestream  02/05/2025	https://www.youtube.com/watch?v=_2XQ2ja5jxM	321	NA
7cYwwE1GoV8	2025 Lecture Series - SMC Forex Review 02/04/2025	https://www.youtube.com/watch?v=7cYwwE1GoV8	1237	NA
GJG3kV_lupg	2025 Lecture Series - NQ Live Execution Using Telegram Key Levels 02/04/2025	https://www.youtube.com/watch?v=GJG3kV_lupg	451	NA
r-9jSs1Oq_c	2025 Lecture Review February 03, 2025	https://www.youtube.com/watch?v=r-9jSs1Oq_c	891	NA
ApRUZj_bDTs	Shotgun Saturday February 01, 2025	https://www.youtube.com/watch?v=ApRUZj_bDTs	2844	NA
iNsrXJiwdBM	2025 Lecture Series - SMC Mastery January 30, 2025 NQ IMP24	https://www.youtube.com/watch?v=iNsrXJiwdBM	850	NA
hc9SDgW93gc	2025 Lecture Series - SMC Algorithmic Market On Close Macro	https://www.youtube.com/watch?v=hc9SDgW93gc	1956	NA
x_44mMI7YqU	2025 Lecture Series - SMC New York NWOG With Forex 01/27/2025	https://www.youtube.com/watch?v=x_44mMI7YqU	780	NA
q5lz5594dpE	January 22, 2025 - Live Execution \ Forex GbpUsd London Macro	https://www.youtube.com/watch?v=q5lz5594dpE	523	NA
r3E1WQcx2-c	January 21, 2025 - Live Execution \ NQ PreMarket Turtle Soup Short	https://www.youtube.com/watch?v=r3E1WQcx2-c	849	NA
e8FjX9IVxzM	2025 Lecture Series - SMC Trade Example 01/14/2025	https://www.youtube.com/watch?v=e8FjX9IVxzM	489	NA
pM8oWrcIJqU	2025 Lecture Series - SMC Trading Opening Range Gaps	https://www.youtube.com/watch?v=pM8oWrcIJqU	1957	NA
uIvlS330qrA	2025 Lecture Series - SMC Opening Range Gaps	https://www.youtube.com/watch?v=uIvlS330qrA	1166	NA
ib9sa6ldwA4	2025 Lecture Series - SMC Midnight Opening Range Live NQ Example	https://www.youtube.com/watch?v=ib9sa6ldwA4	435	NA
Z0VYZoaTIKE	2025 Lecture Series - SMC Midnight Opening Range	https://www.youtube.com/watch?v=Z0VYZoaTIKE	3903	NA
IqfB1v8aNIM	2025 Lecture Series - Making Money With SMC Concepts Live Example	https://www.youtube.com/watch?v=IqfB1v8aNIM	489	NA
czSUBVHD9u8	2025 Lecture Series - Making Money With SMC Concepts	https://www.youtube.com/watch?v=czSUBVHD9u8	3199	NA
6wt3xy34bNk	2025 Lecture Series - Housekeeping	https://www.youtube.com/watch?v=6wt3xy34bNk	523	NA
403Dzt_Vl5Y	NQ December 05, 2024 Seek & Destroy Review	https://www.youtube.com/watch?v=403Dzt_Vl5Y	787	NA
1m5yz6Vh_Dw	New Week Commentary For Nq Futures December 01, 2024	https://www.youtube.com/watch?v=1m5yz6Vh_Dw	540	NA
QjjnCS_qTXo	2k Drawdown Mitigation on Two Losing Trades This Morning....	https://www.youtube.com/watch?v=QjjnCS_qTXo	491	NA
9HUAUF_h2tI	Silent Study - October 18, 2024 NY Lunch Macro In High Resistance Liquidity	https://www.youtube.com/watch?v=9HUAUF_h2tI	371	NA
Jz6WvZ6RrfQ	Gallow Review	https://www.youtube.com/watch?v=Jz6WvZ6RrfQ	2135	NA
2QD_2AG7Syo	London Session Order Flow Practice #PropulsionBlock	https://www.youtube.com/watch?v=2QD_2AG7Syo	1305	NA
Xyiw_IFE9yc	October 03, 2024 NQ Market Review	https://www.youtube.com/watch?v=Xyiw_IFE9yc	648	NA
AxNoqk5Vx8o	ICT Grey Pools Used In Action September 18, 2024	https://www.youtube.com/watch?v=AxNoqk5Vx8o	1571	NA
N9RW9v2kOoY	ICT NQ Live Execution September 6, 2024 100k [OSOK]	https://www.youtube.com/watch?v=N9RW9v2kOoY	538	NA
Fv3gNx9ta0I	Post Holiday PM Session 1:50pm To 2:10pm Macro Short	https://www.youtube.com/watch?v=Fv3gNx9ta0I	489	NA
krdRxohMI3g	Top Down Trade Review September 01, 2024	https://www.youtube.com/watch?v=krdRxohMI3g	3123	NA
odS7IIktqOY	August 30, 2024 PM Session Full Execution Regular Speed	https://www.youtube.com/watch?v=odS7IIktqOY	5501	NA
HM2M9a4OEFQ	NQ PM Session Turtle Soup Long Full Pull \ August 30, 2024	https://www.youtube.com/watch?v=HM2M9a4OEFQ	490	NA
-tuXoqSjO78	Old Daily Lows -Breaker Entry and -IFVG Reentry After Profitable Stop Out	https://www.youtube.com/watch?v=-tuXoqSjO78	2026	NA
ypkWB8EpO5s	ES Bearish Order Flow Algorithmic Entries \ August 27, 2024	https://www.youtube.com/watch?v=ypkWB8EpO5s	526	NA
7iRB5uc1KYk	Premarket NQ -OB To Discount NDOG \ August 27, 2024	https://www.youtube.com/watch?v=7iRB5uc1KYk	277	NA
yzZhC2lc1Ko	NQ PM Session Silver Bullet - August 26, 2024	https://www.youtube.com/watch?v=yzZhC2lc1Ko	356	NA
kuURDD1ajdQ	ICT 2024 Mentorship \ Lecture #16  August 24, 2024	https://www.youtube.com/watch?v=kuURDD1ajdQ	2789	NA
KHxQjsITOLo	The Daily Volume Imbalance Draw - Refer to 2024 Livestream August 20, 2024	https://www.youtube.com/watch?v=KHxQjsITOLo	289	NA
zKCCYxm5Y1w	Calub's Model - NQ Live Execution \ August 19, 2024	https://www.youtube.com/watch?v=zKCCYxm5Y1w	667	NA
dMhceEWjAuU	ICT Turtle Soup Short Example - NQ Futures Lunch Macro	https://www.youtube.com/watch?v=dMhceEWjAuU	488	NA
PFUe6OKmKuk	June 24, 2024 NQ Turtle Soup Short	https://www.youtube.com/watch?v=PFUe6OKmKuk	977	NA
CRE7Pmch5G0	NQ Lunch Macro 06/10/2024	https://www.youtube.com/watch?v=CRE7Pmch5G0	694	NA
fRS8m-wShIo	May 24, 2024 NQ Premarket [Trading Inside Friday's Range]	https://www.youtube.com/watch?v=fRS8m-wShIo	1690	NA
_Ts5bpglOdU	May 14, 2024 NQ PPI 8:50-9:10 ET Macro	https://www.youtube.com/watch?v=_Ts5bpglOdU	3027	NA
-eFpwS3qU5w	NQ May 13, 2024 Premarket Short Live Execution	https://www.youtube.com/watch?v=-eFpwS3qU5w	661	NA
HUxK8GN4DHs	NQ Premium Wick Entry - Live Execution May 08, 2024	https://www.youtube.com/watch?v=HUxK8GN4DHs	487	NA
My9wQ8_UtZk	Micro-Scalping Without Bias - ES May 06, 2024	https://www.youtube.com/watch?v=My9wQ8_UtZk	203	NA
aaKO-eu-tQ4	Micro-Scalping Without Bias - NQ May 06, 2024	https://www.youtube.com/watch?v=aaKO-eu-tQ4	671	NA
1vsIPazjfGQ	April 08, 2024 NQ Market Maker Buy Model Example	https://www.youtube.com/watch?v=1vsIPazjfGQ	815	NA
0OIplRTKYOA	Short Mitigation To Sellside \ Review Of PD Arrays & Narrative MNQ	https://www.youtube.com/watch?v=0OIplRTKYOA	351	NA
MDCZ2nHJB1w	Pegging NQ All Time High - Stanley Cup Collectors Edition	https://www.youtube.com/watch?v=MDCZ2nHJB1w	66	NA
kNlySn81dmo	ICT Charter Price Action Model 13 - Charter Lecture On 2022 YouTube Model	https://www.youtube.com/watch?v=kNlySn81dmo	1374	NA
xi0N9BG1Qvs	ICT Charter Price Action Model 12 - Trade Plan & Algorithmic Theory	https://www.youtube.com/watch?v=xi0N9BG1Qvs	2908	NA
3xgtrXok-xs	ICT Charter Price Action Model 12 - Scalping Intraday Model	https://www.youtube.com/watch?v=3xgtrXok-xs	1514	NA
pblXxWhnRz4	ICT Charter Price Action Model 11 - Trade Plan & Algorithmic Theory	https://www.youtube.com/watch?v=pblXxWhnRz4	1398	NA
7duYYeLleUA	Sometimes I let Them Pass Me By... No Trade - February 12, 2024	https://www.youtube.com/watch?v=7duYYeLleUA	61	NA
UtdXo9HJHKU	ICT Charter Price Action Model 11 - Day Trading	https://www.youtube.com/watch?v=UtdXo9HJHKU	3535	NA
E57WWIEjhvU	ICT Charter Price Action Model 10 - Trade Plan & Algorithmic Theory	https://www.youtube.com/watch?v=E57WWIEjhvU	1221	NA
CTS27DsveNs	ICT Charter Price Action Model 10 - Swing Trading	https://www.youtube.com/watch?v=CTS27DsveNs	1921	NA
YIxurbDNrWM	ICT Charter Price Action Model 9 - One Shot One Kill Trade Plan & Algorithmic Theory	https://www.youtube.com/watch?v=YIxurbDNrWM	2130	NA
wbXnpkiqtw4	ES Futures Live Execution \ February 07, 2024 [1st Trade 2024 Cup]	https://www.youtube.com/watch?v=wbXnpkiqtw4	641	NA
twIPoG2TZ1o	ICT Charter Price Action Model 9 - One Shot One Kill	https://www.youtube.com/watch?v=twIPoG2TZ1o	3931	NA
lHvu1qEdFRc	1 Million Subscribers Award - Thank You	https://www.youtube.com/watch?v=lHvu1qEdFRc	222	NA
F-8hPvSyIB4	ICT Charter Price Action Model 8 - Trade Plan & Algorithmic Theory	https://www.youtube.com/watch?v=F-8hPvSyIB4	1735	NA
fHp3JkxFFjU	ICT Charter Price Action Model 8 - Targeting 6% Per Month	https://www.youtube.com/watch?v=fHp3JkxFFjU	2741	NA
25PzvOjgJZY	February 2024 NFP NQ	https://www.youtube.com/watch?v=25PzvOjgJZY	719	NA
G4lhid5dh0I	ICT Charter Price Action Model 7 - Trade Plan & Algorithmic Theory	https://www.youtube.com/watch?v=G4lhid5dh0I	1788	NA
JJGjP08M7gs	NQ Futures Live Execution \ February 01, 2024 [Pre-Opening Bell]	https://www.youtube.com/watch?v=JJGjP08M7gs	1694	NA
oheyS8MUqno	ICT Charter Price Action Model 7 - Supplementary Lesson	https://www.youtube.com/watch?v=oheyS8MUqno	2451	NA
ouisWztKpDU	ES Futures Live Execution \ January 31, 2024 [Judas Swing Entry]	https://www.youtube.com/watch?v=ouisWztKpDU	2447	NA
_7oZZ2bhEGU	ICT Charter Price Action Model 7 - Universal Trading Model	https://www.youtube.com/watch?v=_7oZZ2bhEGU	5543	NA
gxjWD4TC2ew	Not To Be "Crude", It Works Here Too \ January 30, 2024	https://www.youtube.com/watch?v=gxjWD4TC2ew	462	NA
beTnmkbuUjg	ICT Charter Price Action Model 6 - Algorithmic Theory	https://www.youtube.com/watch?v=beTnmkbuUjg	1832	NA
yC-gQhvexGg	ICT Charter Price Action Model 6 \ Buyside Trade Plan	https://www.youtube.com/watch?v=yC-gQhvexGg	957	NA
5FTMSC4kLZM	ICT Charter Price Action Model 6.3 - Supplementary Lesson	https://www.youtube.com/watch?v=5FTMSC4kLZM	1293	NA
V0TFp7AvZqw	ICT Charter Price Action Model 6.2 - Amplified Lesson	https://www.youtube.com/watch?v=V0TFp7AvZqw	2194	NA
VODMCdDnMs8	Algorithmic High Frequency Trading The Opposite Direction \ January 25, 2024	https://www.youtube.com/watch?v=VODMCdDnMs8	185	NA
E_xS2AruCYg	Algorithmic High Frequency Trading \ January 25, 2024	https://www.youtube.com/watch?v=E_xS2AruCYg	129	NA
fAcnhdaowME	ICT Charter Price Action Model 6 - Amplified Lesson	https://www.youtube.com/watch?v=fAcnhdaowME	2571	NA
rn32EntwGCs	NQ Final Hour 2:50pm To 3:10pm EST Macro - January 23, 2024	https://www.youtube.com/watch?v=rn32EntwGCs	301	NA
BMYrtYMisnA	ICT Charter Price Action Model 6 - Universal Trading Model	https://www.youtube.com/watch?v=BMYrtYMisnA	1923	NA
FBsrQ0OunuA	NQ Break-Away Gap Entry \ Turtle Soup Short \ January 22, 2024	https://www.youtube.com/watch?v=FBsrQ0OunuA	301	NA
2fgXDt3T3XE	ICT Price Action Model 5 \ Algorithmic Theory	https://www.youtube.com/watch?v=2fgXDt3T3XE	2958	NA
NB7Bku099tU	ICT Charter Price Action Model 5 \ Trade Plan	https://www.youtube.com/watch?v=NB7Bku099tU	853	NA
xGn4UxJiz9M	ICT Final Hour MOC Macro - NQ Live Execution \ January 17, 2024	https://www.youtube.com/watch?v=xGn4UxJiz9M	700	NA
bcp19tiJZA0	ICT Charter Price Action Model 5 \ Supplementary Lesson	https://www.youtube.com/watch?v=bcp19tiJZA0	2924	NA
lSr4gdb1n8A	NQ Live Execution January 16, 2024	https://www.youtube.com/watch?v=lSr4gdb1n8A	335	NA
JN_uaDDZ0rc	ICT Charter Price Action Model 5 \ Day Trading - Intraday Volatility Expansions	https://www.youtube.com/watch?v=JN_uaDDZ0rc	3328	NA
DGQkf_knRIk	Join The ICT Private Mentorship For Free	https://www.youtube.com/watch?v=DGQkf_knRIk	2647	NA
H05w52zQGdQ	ICT Charter Price Action Model 4 \ Trade Plan & Algorithmic Theory	https://www.youtube.com/watch?v=H05w52zQGdQ	2229	NA
SObhjCvXCNk	ICT Charter Price Action Model #4 Supplementary Lesson	https://www.youtube.com/watch?v=SObhjCvXCNk	5117	NA
2CWIbdP1kZw	ICT Charter Price Action Model #4 Position Trading	https://www.youtube.com/watch?v=2CWIbdP1kZw	816	NA
oVSGM3BK97s	What The #1 Day Trader On YouTube Could Do With Funded Accounts & Trade Copier	https://www.youtube.com/watch?v=oVSGM3BK97s	695	NA
ylzrm3dZGWw	NQ Live Execution 10:50 - 11:10 Algorithmic Macro Targeting Previous Day High	https://www.youtube.com/watch?v=ylzrm3dZGWw	488	NA
ze8jAMdmBqc	ICT Charter Price Action Model 3 \ Trade Plan & Algorithmic Theory	https://www.youtube.com/watch?v=ze8jAMdmBqc	4765	NA
UMcebJiqAUI	January 2024 NFP \ Live Execution ES Futures No Audio	https://www.youtube.com/watch?v=UMcebJiqAUI	1559	NA
E0sA_SWIxKM	ICT Charter Price Action Model 3 \ Amplified Lecture	https://www.youtube.com/watch?v=E0sA_SWIxKM	3979	NA
KQdsa7S1LoQ	ICT Charter Price Action Model 2 \ Trade Plan & Algorithmic Theory	https://www.youtube.com/watch?v=KQdsa7S1LoQ	4011	NA
s1gCDuzcukU	ICT Charter Price Action Model 2 \ Amplified Lecture	https://www.youtube.com/watch?v=s1gCDuzcukU	3732	NA
H1-Ni_J-tOw	NQ Live Execution & Commentary \ Final Trading Day Of 2023	https://www.youtube.com/watch?v=H1-Ni_J-tOw	5549	NA
4f1vjQMlV50	ICT Charter Price Action Model 1 \ Trade Plan & Algorithmic Theory	https://www.youtube.com/watch?v=4f1vjQMlV50	3527	NA
rNn0JkItAGo	ICT Charter Price Action Model 1 \ Amplified Lecture	https://www.youtube.com/watch?v=rNn0JkItAGo	2625	NA
rYwsypxkRX4	NQ Live Execution Turtle Soup Short \ December 27, 2023	https://www.youtube.com/watch?v=rYwsypxkRX4	489	NA
vCvRrINpknI	ICT Charter Price Action Model 1	https://www.youtube.com/watch?v=vCvRrINpknI	1646	NA
tbPjrl-8608	NQ Live Executions In Holiday Volume \ December 26, 2023	https://www.youtube.com/watch?v=tbPjrl-8608	490	NA
appL5vi8UhM	Live Execution Practice Using The Lowest Leverage \ December 19, 2023	https://www.youtube.com/watch?v=appL5vi8UhM	489	NA
gq2Q2y4ch9k	How Smart Money Targets Retail Traders \ December 15, 2023 \ Fake Bear Flag	https://www.youtube.com/watch?v=gq2Q2y4ch9k	312	NA
EwYBWf0fJxM	NQ AM Session \ Time Of Day Execution Sellside Delivery \ December 15, 2023	https://www.youtube.com/watch?v=EwYBWf0fJxM	1238	NA
Tbcj6fyDVdo	Fading Retail Buyers For NQ \ December 14, 2023	https://www.youtube.com/watch?v=Tbcj6fyDVdo	486	NA
0qoLac1XyAw	Do My Concepts Work On Dow Futures? \ December 14, 2023	https://www.youtube.com/watch?v=0qoLac1XyAw	1299	NA
_ZOFkSXfvsg	December 2023 FOMC NQ Front Month Execution \ Initial Stop Out 50% Reentry	https://www.youtube.com/watch?v=_ZOFkSXfvsg	739	NA
eYqnZRo0CCE	NQ Live Execution Offside Reversal Example December 13, 2023	https://www.youtube.com/watch?v=eYqnZRo0CCE	489	NA
zNxyyNVIG3Q	Surprise... You Got Snow	https://www.youtube.com/watch?v=zNxyyNVIG3Q	13	NA
A97shZGPE2I	December 2023 Non Farm Payroll Live Execution & Explanations	https://www.youtube.com/watch?v=A97shZGPE2I	5461	NA
UOpmn7JqBEY	NQ Employment Number Live Execution \ December 07, 2023	https://www.youtube.com/watch?v=UOpmn7JqBEY	2823	NA
hMvyE0qhads	Why Do I Avoid NFP Weeks?  NQ 3 Trades \ 2 Losses \ December 06, 2023	https://www.youtube.com/watch?v=hMvyE0qhads	1132	NA
rZFisy9AILQ	Leaving Stop Unchanged After 3 Partials Taken - Swing Trade Logic \ December 04, 2023	https://www.youtube.com/watch?v=rZFisy9AILQ	490	NA
g-k1xZSpBj0	Live Execution Using 60min Discount BISI Low ES Futures \ December 01, 2023	https://www.youtube.com/watch?v=g-k1xZSpBj0	488	NA
7IttD8JmDIo	NQ Futures Housing Sales Sellside Delivery Live Execution \ November 30, 2023	https://www.youtube.com/watch?v=7IttD8JmDIo	410	NA
qW0_Mxfp_Z4	E Mini Futures Lunch Hour Macro Live Execution \ November 28, 2023	https://www.youtube.com/watch?v=qW0_Mxfp_Z4	489	NA
779jcCqyldY	ES Futures Live Trade Example November 28, 2023  [FVG \ Silver Bullet]	https://www.youtube.com/watch?v=779jcCqyldY	245	NA
TqECSMsuswI	Post Thanksgiving Order Flow Execution Example	https://www.youtube.com/watch?v=TqECSMsuswI	489	NA
o5NP6VOfNnI	Trading Inside The Range Example 11/20/23	https://www.youtube.com/watch?v=o5NP6VOfNnI	489	NA
iKsIbUblSWM	ICT Mentorship 2023 - Market Maker Models	https://www.youtube.com/watch?v=iKsIbUblSWM	3517	NA
eE9kOtDpmik	ICT Mentorship 2023 - October 07, 2023 Market Review	https://www.youtube.com/watch?v=eE9kOtDpmik	3475	NA
qPqwrcFBsDw	Do You Know The Difference Between Demo & Real Broker Live Funds?	https://www.youtube.com/watch?v=qPqwrcFBsDw	233	NA
tjnir-o4rsQ	ICT Mentorship 2023 - September 22, 2023 - High Frequency Trading Algorithmic Entries	https://www.youtube.com/watch?v=tjnir-o4rsQ	761	NA
2AC4IKTj2ug	ICT Mentorship 2023 - September 18, 2023 NQ Market Review	https://www.youtube.com/watch?v=2AC4IKTj2ug	438	NA
CcNOk_3O5wk	ICT Mentorship 2023 - September 14, 2023 Market Review	https://www.youtube.com/watch?v=CcNOk_3O5wk	941	NA
1PkTGkOjoGo	ICT Mentorship 2023 - September 08, 2023 Review & ICT Ma Deuce Model	https://www.youtube.com/watch?v=1PkTGkOjoGo	1747	NA
h0yOpwSilnE	2023 ICT Mentorship - Review Of The Interactive Study 09/01/23 NFP NQ Short	https://www.youtube.com/watch?v=h0yOpwSilnE	587	NA
QOogqHrBzeY	2023 ICT Mentorship - Live Trade Interactive Study 09/01/23 NFP NQ Short	https://www.youtube.com/watch?v=QOogqHrBzeY	229	NA
z4GVg3aPnAk	ICT Mentorship 2023 - August 22, 2023 Forex & Index Futures Review	https://www.youtube.com/watch?v=z4GVg3aPnAk	411	NA
bDOyDitJZi4	ICT Mentorship 2023 - August 21, 2023 Index Futures Review	https://www.youtube.com/watch?v=bDOyDitJZi4	973	NA
6-KNSUN-UaU	ICT Mentorship 2023 - August 18, 2023 Live trade Walkthrough	https://www.youtube.com/watch?v=6-KNSUN-UaU	2595	NA
VdGihxSuSRk	ICT Mentorship 2023 - August 19, 2023 Weekend Commentary	https://www.youtube.com/watch?v=VdGihxSuSRk	2091	NA
vE2QxG7NoZE	ICT Mentorship 2023 - August 18, 2023 ES Futures Live Executions [Silent]	https://www.youtube.com/watch?v=vE2QxG7NoZE	1804	NA
JpdNsPE0kWQ	ICT Mentorship 2023 - August 16, 2023 ES & NQ Futures Review	https://www.youtube.com/watch?v=JpdNsPE0kWQ	677	NA
0xYpeVRi_qs	ICT Mentorship 2023 - August 15, 2023 ES & NQ Futures Review	https://www.youtube.com/watch?v=0xYpeVRi_qs	1384	NA
XODINFwpeaw	ICT Mentorship 2023 - August 14, 2023 NQ Futures Review	https://www.youtube.com/watch?v=XODINFwpeaw	1103	NA
_NWG_eJRBpU	ICT Mentorship 2023 - Market Review & August Trading Concerns	https://www.youtube.com/watch?v=_NWG_eJRBpU	1672	NA
FQqwmDJOtxk	ICT Mentorship 2023 - Proper Learning & The Importance Of Journaling	https://www.youtube.com/watch?v=FQqwmDJOtxk	5189	NA
OnFifO44Kzo	ICT Mentorship 2023 - July 23, 2023 Market Review	https://www.youtube.com/watch?v=OnFifO44Kzo	1072	NA
cgsltOB736E	ICT Mentorship 2023 - ICT Reaper PD Array Introduction & Market Review	https://www.youtube.com/watch?v=cgsltOB736E	1842	NA
vN2BkfyRWE4	ICT Mentorship 2023 - Deep Dive Into Institutional Order Flow	https://www.youtube.com/watch?v=vN2BkfyRWE4	6631	NA
N4am6Jsp8N8	ICT Mentorship 2023 - Market Review & Commentary	https://www.youtube.com/watch?v=N4am6Jsp8N8	3392	NA
fXVJnBVizYY	ICT Mentorship 2023 - Algorithmic Price Delivery & Time Macros Intro	https://www.youtube.com/watch?v=fXVJnBVizYY	2149	NA
AKg_r0DIa3k	ICT Mentorship 2023 Market Review - July 09, 2023	https://www.youtube.com/watch?v=AKg_r0DIa3k	2238	NA
3FGFEuaDSOc	ICT Mentorship 2023 - July 07, 2023 Live NQ Futures Trading	https://www.youtube.com/watch?v=3FGFEuaDSOc	2344	NA
1HtRfFYiwO0	ICT Mentorship 2023 - Advanced Theory On ICT Breaker	https://www.youtube.com/watch?v=1HtRfFYiwO0	4137	NA
Sf_uYZBWTrA	2023 ICT Mentorship - Opening Range Gap Repricing Macro	https://www.youtube.com/watch?v=Sf_uYZBWTrA	1398	NA
V0uV6lcgobQ	ICT Mentorship 2023 - Market Review June 24, 2023	https://www.youtube.com/watch?v=V0uV6lcgobQ	1207	NA
wTR-vhOdMgo	ICT Mentorship 2023 - T.G.I.F. Setup	https://www.youtube.com/watch?v=wTR-vhOdMgo	3044	NA
qA9SCu4gGaU	ICT Mentorship 2023 - Market Review & When Wrong Is Still "Right"	https://www.youtube.com/watch?v=qA9SCu4gGaU	1887	NA
sfRO5LrTgTA	ICT Mentorship 2023 - Advanced Gap Theory Introduction	https://www.youtube.com/watch?v=sfRO5LrTgTA	2836	NA
ZtLMTXv-Dr0	ICT Mentorship 2023 - Immediate Rebalance & Institutional Order Flow	https://www.youtube.com/watch?v=ZtLMTXv-Dr0	5117	NA
DkOuO0eNwUA	ICT Mentorship 2023 - Evolving ICT Silver Bullet Example	https://www.youtube.com/watch?v=DkOuO0eNwUA	601	NA
NeZlyG8FZLQ	ICT Mentorship 2023 - ES Review Precision Results	https://www.youtube.com/watch?v=NeZlyG8FZLQ	1419	NA
qiv8pkcNvGk	ICT Mentorship 2023 - ES Market Review May 17, 2023	https://www.youtube.com/watch?v=qiv8pkcNvGk	1705	NA
tRq1hyGGtl4	2023 ICT Mentorship - ICT Silver Bullet Time Based Trading Model	https://www.youtube.com/watch?v=tRq1hyGGtl4	1156	NA
VSSwM6rDIg0	NQ Futures Review & The ICT Sick Sister Consolidation Model	https://www.youtube.com/watch?v=VSSwM6rDIg0	668	NA
Sh-bDHWNpsk	NDOG - New Day Opening Gap - Part 1	https://www.youtube.com/watch?v=Sh-bDHWNpsk	538	NA
BM1mqQv-ypk	NWOG - New Week Opening Gap Part 2	https://www.youtube.com/watch?v=BM1mqQv-ypk	1211	NA
F509lJRrYIM	ES Review & ICT Funded Challenge Discussion 05/04/2023	https://www.youtube.com/watch?v=F509lJRrYIM	4503	NA
St9FJHRVdq8	NQ Futures Review May 02, 2023	https://www.youtube.com/watch?v=St9FJHRVdq8	360	NA
441vklRYYR4	Emini S&P 500 Review - April 12, 2023	https://www.youtube.com/watch?v=441vklRYYR4	729	NA
NkwqJBzgQwo	ICT Emini S&P 500 Review - March 27, 2023	https://www.youtube.com/watch?v=NkwqJBzgQwo	1175	NA
UPKUqW_eaas	AM Session - Opening Range Gap + Mitigation Block & FVG Entry	https://www.youtube.com/watch?v=UPKUqW_eaas	140	NA
JlbQ-Z88NsI	Drawdown Mitigation - March 09, 2023 Homework Assignment	https://www.youtube.com/watch?v=JlbQ-Z88NsI	138	NA
WKKnlIIkBTk	NWOG - New Week Opening Gap	https://www.youtube.com/watch?v=WKKnlIIkBTk	960	NA
twgtbikJtL0	Shorting ES with Wick C.E. & Premium FVG To Discount Sellside Liquidity Premarket	https://www.youtube.com/watch?v=twgtbikJtL0	1120	NA
g8bhZReDK-Q	Institutional Market Structure & Standard Deviations With Buyside Liquidity	https://www.youtube.com/watch?v=g8bhZReDK-Q	392	NA
MqOVbd1oqZk	January 31, 2023 PM Session Example \ New Week Opening Gap	https://www.youtube.com/watch?v=MqOVbd1oqZk	840	NA
eTMS36H7HA0	5 Handle Twitter Example Live Execution... January 30, 2023	https://www.youtube.com/watch?v=eTMS36H7HA0	595	NA
V1thfpo-R9U	ICT Mentorship ES Market Review \ January 26, 2023	https://www.youtube.com/watch?v=V1thfpo-R9U	2177	NA
HkiPAi1Mdu8	ICT 2023 Mentorship Analysis \ January 25, 2023	https://www.youtube.com/watch?v=HkiPAi1Mdu8	2176	NA
QKvjPltjsqU	2023 Mentorship Price Action Review & PM  Session Reversal Model	https://www.youtube.com/watch?v=QKvjPltjsqU	2249	NA
cWekmMLqiNM	ICT Emini Futures Review - January 18, 2023	https://www.youtube.com/watch?v=cWekmMLqiNM	4858	NA
w_mKmVwfqc4	When I have to pull out the heavy artillery...	https://www.youtube.com/watch?v=w_mKmVwfqc4	140	NA
tnxvmHq8xEg	ICT 2023 Mentorship \ ES Live Execution & Mean Threshold Risk Management	https://www.youtube.com/watch?v=tnxvmHq8xEg	1181	NA
w0CYBeFTzcM	ICT Premarket Commentary for Week Ending 01/20/23	https://www.youtube.com/watch?v=w0CYBeFTzcM	671	NA
bGtQOXrrK9c	ICT ES Futures Review - January 09, 2023	https://www.youtube.com/watch?v=bGtQOXrrK9c	2558	NA
cxdjcXec3eA	ICT Forex Review January 09, 2023	https://www.youtube.com/watch?v=cxdjcXec3eA	464	NA
VKkn8uckkW0	January 2023 NonFarm Payroll Review & HTF Concepts	https://www.youtube.com/watch?v=VKkn8uckkW0	3422	NA
ojy5ApHhEu4	Deep Learning On Nasdaq Futures Trade - January 04, 2023	https://www.youtube.com/watch?v=ojy5ApHhEu4	5559	NA
AUbdCTzc19k	ICT Emini NQ Futures Market Maker Live Execution - January 04, 2023	https://www.youtube.com/watch?v=AUbdCTzc19k	126	NA
GHaD0mebgMU	ICT Emini S&P 500 Review / January 03, 2023	https://www.youtube.com/watch?v=GHaD0mebgMU	585	NA
XN8tuO4QIRw	ICT Mentorship 2023 Ep 01	https://www.youtube.com/watch?v=XN8tuO4QIRw	3848	NA
g1hLPJBse6o	Final Trade of 2022 In Real Time - Tradingview Platform	https://www.youtube.com/watch?v=g1hLPJBse6o	2350	NA
PEwlacpjxCg	Final Trade of 2022... Enjoy!	https://www.youtube.com/watch?v=PEwlacpjxCg	140	NA
_GKZoHIJpj0	NQ Futures Live Execution & Trade Management	https://www.youtube.com/watch?v=_GKZoHIJpj0	150	NA
GaFe8LSmtfY	2023 Preview... Precision Inc.	https://www.youtube.com/watch?v=GaFe8LSmtfY	197	NA
SXutdYSa3Zk	Precision Only Found With Real Algorithmic Theory In Action	https://www.youtube.com/watch?v=SXutdYSa3Zk	139	NA
flNNEKKcYkM	Nasdaq Quick Scoping...	https://www.youtube.com/watch?v=flNNEKKcYkM	56	NA
ceYv0DVK3ec	Share Your Experience With Me & Your ICT Mentorship Journey	https://www.youtube.com/watch?v=ceYv0DVK3ec	120	NA
Oec_0NM_OeY	ICT Mentorship Core Content - Month 12 - Intraday Top Down Analysis	https://www.youtube.com/watch?v=Oec_0NM_OeY	3933	NA
3B7Reg2Yiqs	ICT Mentorship Core Content - Month 12 - Short Term Top Down Analysis	https://www.youtube.com/watch?v=3B7Reg2Yiqs	1954	NA
Ad-votrg6WQ	ICT Mentorship Core Content - Month 12 - Intermediate Term Top Down Analysis	https://www.youtube.com/watch?v=Ad-votrg6WQ	2927	NA
eIdnsgq-G7A	ICT Mentorship Core Content - Month 12 - Long Term Top Down Analysis	https://www.youtube.com/watch?v=eIdnsgq-G7A	3251	NA
At43V93rnDQ	ICT Mentorship Core Content - Month 11 - Bond Mega-Trades	https://www.youtube.com/watch?v=At43V93rnDQ	2638	NA
kny8Kpisvoc	ICT Mentorship Core Content - Month 11 - Stock Mega-Trades	https://www.youtube.com/watch?v=kny8Kpisvoc	3210	NA
CxwFON8MLB0	ICT Mentorship Core Content - Month 11 - Forex & Currency Mega-Trades	https://www.youtube.com/watch?v=CxwFON8MLB0	1354	NA
u5S6Zt1ZIpA	ICT Mentorship Core Content - Month 11 - Commodity Mega-Trades	https://www.youtube.com/watch?v=u5S6Zt1ZIpA	2414	NA
gs3KMgz84yc	ICT Mentorship Core Content - Month 10 - Importance Of Multi-Asset Analysis	https://www.youtube.com/watch?v=gs3KMgz84yc	1643	NA
cv-fwKKXrwQ	ICT Mentorship Core Content - Month 10 - Stock Trading - Using Options	https://www.youtube.com/watch?v=cv-fwKKXrwQ	2159	NA
Pdpx3aSyWos	ICT Mentorship Core Content - Month 10 - Stock Trading - Valuation Stock Selection	https://www.youtube.com/watch?v=Pdpx3aSyWos	1113	NA
dH381VCOVl0	ICT Mentorship Core Content - Month 10 - Stock Trading - Building Sell Watchlists	https://www.youtube.com/watch?v=dH381VCOVl0	830	NA
rcO8-nb3S0Q	ICT Mentorship Core Content - Month 10 - Stock Trading - Building Buy Watchlists	https://www.youtube.com/watch?v=rcO8-nb3S0Q	1266	NA
rlTl8QKpqCU	ICT Mentorship Core Content - Month 10 - Stock Trading - Seasonals & Monthly Swings	https://www.youtube.com/watch?v=rlTl8QKpqCU	1260	NA
yWBxZsbmK1U	ICT Mentorship Core Content - Month 10 - Index Futures - Index Trade Setups	https://www.youtube.com/watch?v=yWBxZsbmK1U	1271	NA
P5pyzmgZA1s	ICT Mentorship Core Content - Month 10 - Index Futures - Projected Range & Objectives	https://www.youtube.com/watch?v=P5pyzmgZA1s	1066	NA
qZg_5bac518	ICT Mentorship Core Content - Month 10 - Index Futures - PM Trend	https://www.youtube.com/watch?v=qZg_5bac518	787	NA
wWCKTEhVp2o	ICT Mentorship Core Content - Month 10 - Index Futures - AM Trend	https://www.youtube.com/watch?v=wWCKTEhVp2o	1183	NA
ORbtHOUzAIM	ICT Mentorship Core Content - Month 10 - Index Futures - Basics & Opening Range Concept	https://www.youtube.com/watch?v=ORbtHOUzAIM	718	NA
S0ouOvtjV2I	ICT Mentorship Core Content - Month 10 - Bond Trading - Trending Days	https://www.youtube.com/watch?v=S0ouOvtjV2I	1224	NA
RgpxhuVp5Xg	ICT Mentorship Core Content - Month 10 - Bond Trading - Consolidation Days	https://www.youtube.com/watch?v=RgpxhuVp5Xg	1619	NA
JpV-J31mxhg	ICT Mentorship Core Content - Month 10 - Bond Trading - Split Session Rules	https://www.youtube.com/watch?v=JpV-J31mxhg	1076	NA
CGbSpa_9Z9Y	ICT Mentorship Core Content - Month 10 - Bond Trading - Basics & Opening Range Concept	https://www.youtube.com/watch?v=CGbSpa_9Z9Y	1106	NA
WsolkBzpDOQ	ICT Mentorship Core Content - Month 10 - Premium Vs. Carrying Charge Market	https://www.youtube.com/watch?v=WsolkBzpDOQ	1163	NA
R2NjnYozhdw	ICT Mentorship Core Content - Month 10 - Commodity Seasonals Tendencies - My Personal Favorites	https://www.youtube.com/watch?v=R2NjnYozhdw	2523	NA
qRYkTWePXF0	ICT Mentorship Core Content - Month 10 - Open Interest Secrets & Smart Money Footprints	https://www.youtube.com/watch?v=qRYkTWePXF0	1234	NA
ygtvWKyOzHQ	ICT Mentorship Core Content - Month 10 - Relative Strength Analysis - Accumulation & Distribution	https://www.youtube.com/watch?v=ygtvWKyOzHQ	2404	NA
9H4iaaQXV5Y	ICT Mentorship Core Content - Month 10 - Commitment Of Traders	https://www.youtube.com/watch?v=9H4iaaQXV5Y	2075	NA
cqf8nH54bb8	ICT Mentorship Core Content - Month 09 - ICT Day Trade Routine	https://www.youtube.com/watch?v=cqf8nH54bb8	3488	NA
-oMtfDvc18Y	ICT Mentorship Core Content - Month 09 - Bread & Butter Sell Setups	https://www.youtube.com/watch?v=-oMtfDvc18Y	1674	NA
OVfn-gDk2dE	ICT Mentorship Core Content - Month 09 - Bread & Butter Buy Setups	https://www.youtube.com/watch?v=OVfn-gDk2dE	1926	NA
KrGTimL3YRQ	ICT Mentorship Core Content - Month 09 - Trading Market Reversals	https://www.youtube.com/watch?v=KrGTimL3YRQ	2222	NA
g7jchu4g31c	ICT Mentorship Core Content - Month 09 -  Trading In Consolidations	https://www.youtube.com/watch?v=g7jchu4g31c	1274	NA
km0haQkTalc	ICT Mentorship Core Content - Month 09 - 20 Pips Per Day	https://www.youtube.com/watch?v=km0haQkTalc	1135	NA
qQvEV2dTTW8	Bridge Builder - ICT Concepts Overview	https://www.youtube.com/watch?v=qQvEV2dTTW8	5859	NA
zanmou0ic5U	ICT Mentorship Core Content - Month 09 - Filling The Numbers	https://www.youtube.com/watch?v=zanmou0ic5U	1738	NA
_TNhWRPa6GA	ICT Mentorship Core Content - Month 09 - The Sentiment Effect	https://www.youtube.com/watch?v=_TNhWRPa6GA	768	NA
1MnfiqKx5Uo	ICT Mentorship Core Content - Month 08 - Integrating Daytrades With HTF Trade Entries	https://www.youtube.com/watch?v=1MnfiqKx5Uo	1422	NA
5Z_3NbclMSY	ICT Mentorship Core Content - Month 08 - High Probability Daytrade Setups	https://www.youtube.com/watch?v=5Z_3NbclMSY	1855	NA
stK2gNqhLaM	ICT Mentorship Core Content - Month 08 - When To Avoid The London Session	https://www.youtube.com/watch?v=stK2gNqhLaM	2073	NA
eU8WcUftUtY	ICT Mentorship Core Content - Month 08 - Intraday Profiles	https://www.youtube.com/watch?v=eU8WcUftUtY	1316	NA
JKzEhfwV1dY	ICT Mentorship Core Content - Month 08 - Projecting Daily Highs & Lows	https://www.youtube.com/watch?v=JKzEhfwV1dY	1802	NA
nI1AMOC1pro	ICT Mentorship Core Content - Month 08 - Central Bank Dealers Range	https://www.youtube.com/watch?v=nI1AMOC1pro	990	NA
_2nUKLAD9ig	ICT Mentorship Core Content - Month 08 - Defining The Daily Range	https://www.youtube.com/watch?v=_2nUKLAD9ig	644	NA
-cXnnHjy9s0	ICT Mentorship Core Content - Month 08 - Essentials To ICT Daytrading	https://www.youtube.com/watch?v=-cXnnHjy9s0	2797	NA
LBlK6JB0QS0	ICT Mentorship Core Content - Month 07 - One Shot One Kill Model	https://www.youtube.com/watch?v=LBlK6JB0QS0	2259	NA
jvc105qaCJs	ICT Mentorship Core Content - Month 07 - Intraweek Market Reversals & Overlapping Models	https://www.youtube.com/watch?v=jvc105qaCJs	1713	NA
O69iFqP1j7o	ICT Mentorship Core Content - Month 07 - Short Term Trading Low Resistance Liquidity Runs Part 2	https://www.youtube.com/watch?v=O69iFqP1j7o	1551	NA
y0lVKWLsZeM	ICT Mentorship Core Content - Month 07 - Short Term Trading Low Resistance Liquidity Runs Part 1	https://www.youtube.com/watch?v=y0lVKWLsZeM	1503	NA
YV4fEF4d2wA	ICT Mentorship Core Content - Month 07 - Short Term Trading Blending IPDA Data Ranges & PD Arrays	https://www.youtube.com/watch?v=YV4fEF4d2wA	989	NA
hbE8S5FSdtQ	ICT Mentorship Core Content - Month 07 - Short Term Trading Market Maker Manipulation Templates	https://www.youtube.com/watch?v=hbE8S5FSdtQ	2452	NA
wFjeUzJys7w	ICT Mentorship Core Content - Month 07 - Short Term Trading Defining Weekly Range Profiles	https://www.youtube.com/watch?v=wFjeUzJys7w	664	NA
mQA8jCem9d0	ICT Mentorship Core Content - Month 07 - Short Term Trading Using Monthly & Weekly Ranges	https://www.youtube.com/watch?v=mQA8jCem9d0	2699	NA
VL4YLTRerHY	ICT Mentorship Core Content - Month 06 - The Million Dollar Swing Setup	https://www.youtube.com/watch?v=VL4YLTRerHY	2308	NA
Hoo_wTMgdcY	ICT Mentorship Core Content - Month 06 - Keys To Selecting Markets That Will Move Explosively	https://www.youtube.com/watch?v=Hoo_wTMgdcY	1625	NA
JAjL7rUX2Iw	ICT Mentorship Core Content - Month 06 - Reducing Risk & Maximizing Potential Reward In Swing Setups	https://www.youtube.com/watch?v=JAjL7rUX2Iw	1807	NA
soY9zX3gt2U	ICT Mentorship Core Content - Month 06 - High Probability Swing Trade Setups In Bear Markets	https://www.youtube.com/watch?v=soY9zX3gt2U	1895	NA
osRUnIpGIJ0	ICT Mentorship Core Content - Month 06 - High Probability Swing Trade Setups In Bull Markets	https://www.youtube.com/watch?v=osRUnIpGIJ0	2386	NA
g--tikwaupk	ICT Mentorship Core Content - Month 06 - Classic Swing Trading Approach	https://www.youtube.com/watch?v=g--tikwaupk	2403	NA
Xs1i0aIeTME	ICT Mentorship Core Content - Month 06 - Elements To Successful Swing Trading	https://www.youtube.com/watch?v=Xs1i0aIeTME	1343	NA
0juYnbKays0	ICT Mentorship Core Content - Month 06 - Ideal Swings Conditions For Any Market	https://www.youtube.com/watch?v=0juYnbKays0	1205	NA
okN5p701T7Y	ICT Mentorship Core Content - Month 05 - Position Trade Management	https://www.youtube.com/watch?v=okN5p701T7Y	1544	NA
WDattjFvNBc	ICT Mentorship Core Content - Month 05 - Limit Order Entry Techniques For Long Term Traders	https://www.youtube.com/watch?v=WDattjFvNBc	674	NA
vb_Yc-gCBfU	ICT Mentorship Core Content - Month 05 - Stop Entry Techniques For  Long Term Traders	https://www.youtube.com/watch?v=vb_Yc-gCBfU	834	NA
Y1oxwc354oo	ICT Mentorship Core Content - Month 05 - Trade Conditions & Setup Progressions	https://www.youtube.com/watch?v=Y1oxwc354oo	1699	NA
pwO-E-OOH5k	ICT Mentorship Core Content - Month 05 - Defining HTF PD Arrays	https://www.youtube.com/watch?v=pwO-E-OOH5k	1932	NA
crPpMwgwa7k	ICT Mentorship Core Content - Month 05 - Money Management	https://www.youtube.com/watch?v=crPpMwgwa7k	2050	NA
O2Sio7opKxo	ICT Mentorship Core Content - Month 05 - Ideal Seasonal Tendencies	https://www.youtube.com/watch?v=O2Sio7opKxo	837	NA
Vb6ueaPqut0	ICT Mentorship Core Content - Month 05 - How To Use Bearish Seasonal Tendencies In HTF Analysis	https://www.youtube.com/watch?v=Vb6ueaPqut0	2108	NA
6Sp-pr3yCkc	ICT Mentorship Core Content - Month 05 - How To Use Bullish Seasonal Tendencies In HTF Analysis	https://www.youtube.com/watch?v=6Sp-pr3yCkc	1125	NA
4i_hnoEk6lw	ICT Mentorship Core Content - Month 05 - How To Use Intermarket Analysis	https://www.youtube.com/watch?v=4i_hnoEk6lw	1287	NA
w6VlX-rsTUs	ICT Mentorship Core Content - Month 05 - Interest Rate Differentials	https://www.youtube.com/watch?v=w6VlX-rsTUs	1118	NA
md9rxVLjY6A	The Tough Lessons: Why I Avoid AM Sessions After Large Range Days	https://www.youtube.com/watch?v=md9rxVLjY6A	1924	NA
N8_8tEw2_44	ICT Mentorship Core Content - Month 05 - Qualifying Trade Conditions With 10 Year Yields	https://www.youtube.com/watch?v=N8_8tEw2_44	571	NA
z-7ypchAMDE	ICT Mentorship Core Content - Month 05 - Using 10 Year Notes In HTF Analysis	https://www.youtube.com/watch?v=z-7ypchAMDE	1051	NA
xRjKtUEKkSE	ICT Mentorship Core Content - Month 05 - Defining Institutional Swing Points	https://www.youtube.com/watch?v=xRjKtUEKkSE	1977	NA
vqtA1S9JH34	ICT Mentorship Core Content - Month 05 - Defining Open Float Liquidity Pools	https://www.youtube.com/watch?v=vqtA1S9JH34	1651	NA
LRKtiysz4nA	ICT Mentorship Core Content - Month 05 - Using IPDA Data Ranges	https://www.youtube.com/watch?v=LRKtiysz4nA	7362	NA
BkmZgjuYREU	ICT Mentorship Core Content - Month 05 - Open Float	https://www.youtube.com/watch?v=BkmZgjuYREU	1422	NA
n7SPAK_tpN8	ICT Mentorship Core Content - Month 05 - Quarterly Shifts & IPDA Data Ranges	https://www.youtube.com/watch?v=n7SPAK_tpN8	3309	NA
owq30ATPU5s	ICT Mentorship Core Content - Month 04 - Double Bottom Double Top	https://www.youtube.com/watch?v=owq30ATPU5s	904	NA
Xae0VrbkyFk	ICT Mentorship Core Content - Month 04 - Divergence Phantoms	https://www.youtube.com/watch?v=Xae0VrbkyFk	1313	NA
FgacYSN9QEo	ICT Mentorship Core Content - Month 04 - ICT Fair Value Gaps FVG	https://www.youtube.com/watch?v=FgacYSN9QEo	1077	NA
HTQgH11W37o	ICT Mentorship Core Content - Month 04 - Liquidity Voids	https://www.youtube.com/watch?v=HTQgH11W37o	879	NA
Gnw54f9v6SA	ICT Mentorship Core Content - Month 04 - Liquidity Pools	https://www.youtube.com/watch?v=Gnw54f9v6SA	1338	NA
shPGUz9pU-A	ICT Mentorship Core Content - Month 04 - ICT Vacuum Block	https://www.youtube.com/watch?v=shPGUz9pU-A	891	NA
glu98jAH8vE	ICT Mentorship Core Content - Month 04 - ICT Propulsion Block	https://www.youtube.com/watch?v=glu98jAH8vE	470	NA
X5pQjfkAUCI	ICT Mentorship Core Content - Month 04 - Reclaimed ICT Orderblock	https://www.youtube.com/watch?v=X5pQjfkAUCI	669	NA
oALYX0HCSYw	ICT Mentorship Core Content - Month 04 - ICT Rejection Block	https://www.youtube.com/watch?v=oALYX0HCSYw	915	NA
UrS-mtGHtAA	ICT Mentorship Core Content - Month 04 - ICT Breaker Block	https://www.youtube.com/watch?v=UrS-mtGHtAA	601	NA
fVbJ5vCA-XM	Live Trade Execution With "Ends..." Commentary 09/08/22	https://www.youtube.com/watch?v=fVbJ5vCA-XM	690	NA
FOUzW0QmsfI	ICT Mentorship Core Content - Month 04 - Mitigation Blocks	https://www.youtube.com/watch?v=FOUzW0QmsfI	906	NA
PIYh0CxoY9c	ICT Mentorship Core Content - Month 04 - Orderblocks	https://www.youtube.com/watch?v=PIYh0CxoY9c	2148	NA
SO3SJFNRim8	2022 ICT Mentorship - Ends Series Part 4 of 4	https://www.youtube.com/watch?v=SO3SJFNRim8	2566	NA
npL3ZXJ5zOU	ICT Mentorship Core Content - Month 04 - Reinforcing Liquidity Concepts & Price Delivery	https://www.youtube.com/watch?v=npL3ZXJ5zOU	2614	NA
6oQVb0zVxMM	ICT Mentorship Core Content - Month 04 - Interest Rate Effects On Currency Trades	https://www.youtube.com/watch?v=6oQVb0zVxMM	1255	NA
y8cKMOHMVb0	ICT Emini S&P 500 AM Session Review - 09/06/22	https://www.youtube.com/watch?v=y8cKMOHMVb0	706	NA
w8lbrvZXUVY	ICT Mentorship Core Content - Month 03 - Market Maker Trap Head Shoulders Pattern	https://www.youtube.com/watch?v=w8lbrvZXUVY	1054	NA
o8NfSK-pUlE	ICT Mentorship Core Content - Month 03 - Market Maker Trap Trendline Phantoms	https://www.youtube.com/watch?v=o8NfSK-pUlE	1482	NA
MJwWUd_FM-k	ICT Mentorship Core Content - Month 03 - Macro Economic To Micro Technical	https://www.youtube.com/watch?v=MJwWUd_FM-k	1140	NA
GuycI8XubgE	ICT Mentorship Core Content - Month 03 - Institutional Market Structure	https://www.youtube.com/watch?v=GuycI8XubgE	1236	NA
9kabTfUEVKg	ICT Mentorship Core Content - Month 03 - The Next Setup - Anticipatory Skill Development	https://www.youtube.com/watch?v=9kabTfUEVKg	915	NA
mkAuOOPTEKw	ICT Emini S&P 500 AM & PM Session Review - 09/02/22	https://www.youtube.com/watch?v=mkAuOOPTEKw	881	NA
t2VNzJZ4hK4	ICT Mentorship Core Content - Month 03 - Institutional Sponsorship	https://www.youtube.com/watch?v=t2VNzJZ4hK4	2635	NA
wOzyoZD7b7M	ICT Emini S&P500 AM & PM Session Review - 09/01/22	https://www.youtube.com/watch?v=wOzyoZD7b7M	1029	NA
PQkcFbr61FI	ICT Mentorship Core Content - Month 03 - Institutional Order Flow	https://www.youtube.com/watch?v=PQkcFbr61FI	1832	NA
UF5J0nEBc0E	ICT Mentorship Core Content - Month 03 - Timeframe Selection & Defining Setups	https://www.youtube.com/watch?v=UF5J0nEBc0E	2965	NA
pv2-R-STviA	ICT Mentorship Core Content - Month 02 - Market Maker Trap False Breakouts	https://www.youtube.com/watch?v=pv2-R-STviA	1252	NA
cRbPS3uxkj4	ICT Mentorship Core Content - Month 02 - Market Maker Trap False Flag	https://www.youtube.com/watch?v=cRbPS3uxkj4	1792	NA
bftKgceXqYo	ICT Mentorship Core Content - Month 02 - The Secrets To Selecting High Reward Setups	https://www.youtube.com/watch?v=bftKgceXqYo	3836	NA
vWDElb65YHg	ICT Mentorship Core Content - Month 02 - How To Mitigate Losing Trades Effectively	https://www.youtube.com/watch?v=vWDElb65YHg	1054	NA
pFdW8wdR9sQ	ICT Mentorship Core Content - Month 02 - No Fear Of Losing	https://www.youtube.com/watch?v=pFdW8wdR9sQ	1204	NA
pctqB3UD6dk	ICT Mentorship - Core Content - Month 02 - How Traders Make 10% Per Month	https://www.youtube.com/watch?v=pctqB3UD6dk	1085	NA
Zsg8IeBtfu0	ICT Mentorship - Core Content -  Month 02 - Framing Low Risk Trade Setups	https://www.youtube.com/watch?v=Zsg8IeBtfu0	596	NA
mjVHmE1gVMg	ICT Mentorship Core Content - Month 02   Growing Small Accounts	https://www.youtube.com/watch?v=mjVHmE1gVMg	1748	NA
_MCYKZGAHmY	2022 ICT Mentorship - Ends Series Part 3 of 4	https://www.youtube.com/watch?v=_MCYKZGAHmY	1762	NA
K4LtfujVpJs	ICT Mentorship Core Content - Month 1 - Impulse Price Swings & Market Protraction	https://www.youtube.com/watch?v=K4LtfujVpJs	733	NA
22XkhpJR5eA	ICT Mentorship Core Content - Month 1 - Liquidity Runs	https://www.youtube.com/watch?v=22XkhpJR5eA	1495	NA
SiVmoeyOWZE	ICT Mentorship Core Content - Month 1 - Fair Valuation	https://www.youtube.com/watch?v=SiVmoeyOWZE	1954	NA
YuefjnUKQdM	ICT Mentorship Core Content - Month 1 - Equilibrium Vs. Premium	https://www.youtube.com/watch?v=YuefjnUKQdM	1259	NA
qC0LogyIk2I	ICT Mentorship Core Content - Month 1 - Equilibrium Vs. Discount	https://www.youtube.com/watch?v=qC0LogyIk2I	3389	NA
B7_cjybYQ0g	ICT Mentorship Core Content - Month 1 - What To Focus On Right Now	https://www.youtube.com/watch?v=B7_cjybYQ0g	1503	NA
XwYYWBttWro	ICT Mentorship Core Content - Month 1 - How Market Makers Condition The Market	https://www.youtube.com/watch?v=XwYYWBttWro	1522	NA
0LhteuLVuDU	ICT Mentorship Core Content - Month 1 - Elements Of A Trade Setup	https://www.youtube.com/watch?v=0LhteuLVuDU	1220	NA
qwmqUgelxsU	2022 ICT Mentorship Market Review - August 13, 2022	https://www.youtube.com/watch?v=qwmqUgelxsU	3520	NA
Tex87Lo2HdE	2022 ICT Mentorship - Ends Series Part 2 of 4	https://www.youtube.com/watch?v=Tex87Lo2HdE	4586	NA
tVTyBlvfwfQ	2022 ICT Mentorship Market Review - August 02, 2022	https://www.youtube.com/watch?v=tVTyBlvfwfQ	1111	NA
sAHZfbAvfYI	2022 ICT Mentorship Market Review - August 01, 2022	https://www.youtube.com/watch?v=sAHZfbAvfYI	2424	NA
ASxSiOi6nJI	2022 ICT Mentorship - Ends Series Vol. 1	https://www.youtube.com/watch?v=ASxSiOi6nJI	2211	NA
RxAAL3mIA2E	2022 ICT Mentorship Market Commentary - July 28, 2022	https://www.youtube.com/watch?v=RxAAL3mIA2E	1142	NA
2dhA2cN46lc	2022 ICT Mentorship Market Review - July 27, 2022	https://www.youtube.com/watch?v=2dhA2cN46lc	631	NA
uYwtnbx6kz8	2022 ICT Mentorship Index Market Review - July 26, 2022	https://www.youtube.com/watch?v=uYwtnbx6kz8	766	NA
B4BH3sQ47Vc	2022 ICT Mentorship Market Review - July 25, 2022	https://www.youtube.com/watch?v=B4BH3sQ47Vc	564	NA
pi5_IMAtIfI	2022 ICT Mentorship Market Review - July 22, 2022	https://www.youtube.com/watch?v=pi5_IMAtIfI	2981	NA
jXBuSFBUs2w	2022 ICT Mentorship Index Market Review - July 19, 2022	https://www.youtube.com/watch?v=jXBuSFBUs2w	992	NA
mdYFQIEcG38	2022 ICT Mentorship Market Review - July 18, 2022	https://www.youtube.com/watch?v=mdYFQIEcG38	1413	NA
fz9ZDU6bKIc	2022 ICT Mentorship Market Review - July 08, 2022	https://www.youtube.com/watch?v=fz9ZDU6bKIc	4600	NA
3TVdmXWTCTQ	ICT Market Review - July 06, 2022	https://www.youtube.com/watch?v=3TVdmXWTCTQ	1273	NA
fq62gXyRRWQ	ICT Index Futures PM Session Review - July 05, 2022	https://www.youtube.com/watch?v=fq62gXyRRWQ	599	NA
WkCCWJCsB5w	Index Futures AM Session Review - 06/28/2022	https://www.youtube.com/watch?v=WkCCWJCsB5w	257	NA
RQKvizn8WWs	2022 ICT Mentorship - Index Futures Review June 27, 2022	https://www.youtube.com/watch?v=RQKvizn8WWs	1033	NA
s-iqN0h2Fgg	2022 ICT Mentorship Topical Study - Dealing Ranges	https://www.youtube.com/watch?v=s-iqN0h2Fgg	3859	NA
2XhDi5GoNUI	2022 ICT Mentorship - Episode 41 & Final	https://www.youtube.com/watch?v=2XhDi5GoNUI	3008	NA
sjw-ev5ixXk	ICT Index Futures & Forex Review - 06/22/2022	https://www.youtube.com/watch?v=sjw-ev5ixXk	1239	NA
koN1ge8bewI	2022 ICT Mentorship Episode 40	https://www.youtube.com/watch?v=koN1ge8bewI	2885	NA
B3-zt3HdXVA	ICT Index Futures AM Session Review - 06/14/2022	https://www.youtube.com/watch?v=B3-zt3HdXVA	220	NA
_ra-GlgdMZU	ICT Index Futures PM Session Review - 06/13/2022	https://www.youtube.com/watch?v=_ra-GlgdMZU	226	NA
wwKXw3CdGAk	ICT Index Futures AM Session Review - 06/13/2022	https://www.youtube.com/watch?v=wwKXw3CdGAk	252	NA
yFpHbBnsK_c	2022 ICT Mentorship Episode 39	https://www.youtube.com/watch?v=yFpHbBnsK_c	4986	NA
36184dDAqtM	2022 ICT Mentorship Episode 38	https://www.youtube.com/watch?v=36184dDAqtM	2886	NA
HuZurY0ghDI	2022 ICT Mentorship Episode 37	https://www.youtube.com/watch?v=HuZurY0ghDI	1450	NA
pWnMpdN_g98	2022 ICT Mentorship Episode 36	https://www.youtube.com/watch?v=pWnMpdN_g98	552	NA
MdYrslpUezU	2022 ICT Mentorship Episode 35	https://www.youtube.com/watch?v=MdYrslpUezU	982	NA
t8flQP5jy-Q	2022 ICT Mentorship Episode 34	https://www.youtube.com/watch?v=t8flQP5jy-Q	1116	NA
8z6My18WZqA	2022 ICT Mentorship Episode 33	https://www.youtube.com/watch?v=8z6My18WZqA	961	NA
hzoMJQlEv5M	2022 ICT Mentorship Episode 32	https://www.youtube.com/watch?v=hzoMJQlEv5M	1190	NA
OYNpIeu9czw	2022 ICT Mentorship Episode 31	https://www.youtube.com/watch?v=OYNpIeu9czw	582	NA
CL94EnGqB4Q	2022 ICT Mentorship Episode 30	https://www.youtube.com/watch?v=CL94EnGqB4Q	736	NA
QkokVv0owSE	2022 ICT Mentorship Episode 29	https://www.youtube.com/watch?v=QkokVv0owSE	1061	NA
j0Z2EbuJXGU	2022 ICT Mentorship Episode 28	https://www.youtube.com/watch?v=j0Z2EbuJXGU	156	NA
gLK4Qm6jte8	2022 ICT Mentorship Episode 27 - Counter Trend Ideas	https://www.youtube.com/watch?v=gLK4Qm6jte8	1433	NA
-j5ugaZ9pJg	Why Phone Trades Aren't Optimal.	https://www.youtube.com/watch?v=-j5ugaZ9pJg	83	NA
k26euOG6zAk	2022 ICT Mentorship Episode 26 - Example Of Tape Reading Practice	https://www.youtube.com/watch?v=k26euOG6zAk	849	NA
CnTXwAuDi9Y	2022 ICT Mentorship Episode 25	https://www.youtube.com/watch?v=CnTXwAuDi9Y	3492	NA
Qx87ZAANzyA	NFP Liquidity Drill	https://www.youtube.com/watch?v=Qx87ZAANzyA	61	NA
nv0ey5UyOmY	2022 ICT Mentorship Episode 24	https://www.youtube.com/watch?v=nv0ey5UyOmY	2511	NA
TV9TfwHXuqs	2022 ICT Mentorship Episode 23	https://www.youtube.com/watch?v=TV9TfwHXuqs	1002	NA
QKc_i90chVg	2022 ICT Mentorship Episode 22	https://www.youtube.com/watch?v=QKc_i90chVg	3093	NA
EIwGNs9A430	Tape Reading Preview	https://www.youtube.com/watch?v=EIwGNs9A430	566	NA
13wMAJSz_2o	Smart Money Concepts & Chaos	https://www.youtube.com/watch?v=13wMAJSz_2o	3274	NA
ai2WZlA-d_w	Buyside Liquidity Purge & Short Example part 2	https://www.youtube.com/watch?v=ai2WZlA-d_w	92	NA
kmVXVJE08eQ	2022 ICT Mentorship Episode 21	https://www.youtube.com/watch?v=kmVXVJE08eQ	2317	NA
Q6GFu8-Z4rY	2022 ICT Mentorship Episode 20	https://www.youtube.com/watch?v=Q6GFu8-Z4rY	1080	NA
IEa1N0rTtbc	2022 ICT Mentorship Episode 19	https://www.youtube.com/watch?v=IEa1N0rTtbc	7476	NA
eai0nHhAC8w	2022 ICT Mentorship Episode 18	https://www.youtube.com/watch?v=eai0nHhAC8w	3667	NA
5WIqHJDQ_p4	2022 ICT Mentorship Episode 17	https://www.youtube.com/watch?v=5WIqHJDQ_p4	1624	NA
93ahm4sQ2qs	My Main Trading Real Estate	https://www.youtube.com/watch?v=93ahm4sQ2qs	165	NA
EpGQnhjXBq8	2022 ICT Mentorship Episode 16	https://www.youtube.com/watch?v=EpGQnhjXBq8	3056	NA
qXPZB_H6tVo	Real Money Real Results - First Year Trading Expectations Part 3 of 3	https://www.youtube.com/watch?v=qXPZB_H6tVo	3904	NA
b5SMir6bkP8	Real Money Real Results - First Year Trading Expectations Part 2 of 3	https://www.youtube.com/watch?v=b5SMir6bkP8	847	NA
Fp1VZ0PKYBs	Real Money Real Results - First Year Trading Expectations	https://www.youtube.com/watch?v=Fp1VZ0PKYBs	601	NA
vtpycWzupjQ	Institutional Order Flow Homework	https://www.youtube.com/watch?v=vtpycWzupjQ	61	NA
tGxuitjtO88	2022 ICT Mentorship Episode 15	https://www.youtube.com/watch?v=tGxuitjtO88	564	NA
NUdu1n-ML98	2022 ICT Mentorship Episode 14	https://www.youtube.com/watch?v=NUdu1n-ML98	279	NA
tpPtItWqmlg	2022 ICT Mentorship Episode 13	https://www.youtube.com/watch?v=tpPtItWqmlg	2812	NA
8GkQfdAXZP0	2022 ICT Mentorship Episode 12	https://www.youtube.com/watch?v=8GkQfdAXZP0	4439	NA
Sqw2bww93Zo	2022 ICT Mentorship Episode 11	https://www.youtube.com/watch?v=Sqw2bww93Zo	1778	NA
107_rWghTig	History Repeats & History Tab Tutorial - Show It :)	https://www.youtube.com/watch?v=107_rWghTig	73	NA
S9ORTYmXwdE	2022 ICT Mentorship Episode 10	https://www.youtube.com/watch?v=S9ORTYmXwdE	4006	NA
iZLXnNiZm_s	2022 ICT Mentorship Episode 9	https://www.youtube.com/watch?v=iZLXnNiZm_s	1670	NA
7rbV8aWkcqY	2022 ICT Mentorship Episode 8	https://www.youtube.com/watch?v=7rbV8aWkcqY	813	NA
G8-z91acgG4	2022 ICT Mentorship Episode 7	https://www.youtube.com/watch?v=G8-z91acgG4	3616	NA
Y8d5-O6ESPo	Verified Results -  For Those Inquiring	https://www.youtube.com/watch?v=Y8d5-O6ESPo	213	NA
Bkt8B3kLATQ	2022 ICT Mentorship Episode 6	https://www.youtube.com/watch?v=Bkt8B3kLATQ	2899	NA
N29ZJ-o31xs	2022 ICT Mentorship Episode 5	https://www.youtube.com/watch?v=N29ZJ-o31xs	2764	NA
-ScCgHOMcqU	Trading With Family Distractions	https://www.youtube.com/watch?v=-ScCgHOMcqU	683	NA
L-ReMHiavPM	2022 ICT Mentorship Episode 4	https://www.youtube.com/watch?v=L-ReMHiavPM	523	NA
nQfHZ2DEJ8c	2022 ICT Mentorship Episode 3	https://www.youtube.com/watch?v=nQfHZ2DEJ8c	3147	NA
jRmH9MHOLgI	For Your Peace Of Mind As My Student	https://www.youtube.com/watch?v=jRmH9MHOLgI	82	NA
tmeCWULSTHc	2022 ICT Mentorship Episode 2	https://www.youtube.com/watch?v=tmeCWULSTHc	2976	NA
kt6V4ai60fI	ICT Mentorship 2022 Introduction	https://www.youtube.com/watch?v=kt6V4ai60fI	1848	NA
4nZVIVhtAys	Bitcoin Review - Community Post Call	https://www.youtube.com/watch?v=4nZVIVhtAys	1540	NA
oz4s-Cttu_M	No Words - No Talking... Just Proof	https://www.youtube.com/watch?v=oz4s-Cttu_M	261	NA
QklZ1x4GFaU	Nasdaq New York Session OTE 10/25/21	https://www.youtube.com/watch?v=QklZ1x4GFaU	248	NA
dQ1L6O4zCCc	For John...	https://www.youtube.com/watch?v=dQ1L6O4zCCc	566	NA
yYvMWTkZu-s	Why Do I Turn The YouTube Comment Section Off?	https://www.youtube.com/watch?v=yYvMWTkZu-s	811	NA
WviTBq8Q40E	Forex Price Action Lesson - OTE Fiber 09/22/21	https://www.youtube.com/watch?v=WviTBq8Q40E	1628	NA
BZ4HVsArJBE	ICT Forex - Market Maker Series Vol. 5 of 5	https://www.youtube.com/watch?v=BZ4HVsArJBE	1547	NA
GVx-yJkehtA	ICT Forex - Market Maker Series Vol. 4 of 5	https://www.youtube.com/watch?v=GVx-yJkehtA	1784	NA
i8xt0EQDjNY	ICT Forex - Market Maker Series Vol. 3 of 5	https://www.youtube.com/watch?v=i8xt0EQDjNY	2667	NA
5_l311HP87c	ICT Forex - Market Maker Series Vol. 2 of 5	https://www.youtube.com/watch?v=5_l311HP87c	1227	NA
Vh0NtdPPj1M	ICT Forex - Market Maker Series Vol. 1 of 5	https://www.youtube.com/watch?v=Vh0NtdPPj1M	2281	NA
F-0G6IGTXHg	Forex Trading - What Is The Difference Between Scalps & Day Trades?	https://www.youtube.com/watch?v=F-0G6IGTXHg	658	NA
Ic1rqvbk99c	Instagram Logic Vs  Interbank Algorithm	https://www.youtube.com/watch?v=Ic1rqvbk99c	1055	NA
PG04EX_fb2U	My Chart Does All The Talking...	https://www.youtube.com/watch?v=PG04EX_fb2U	266	NA
T6YE1CEWsHk	If I Had To Restart Again As A Trader, At 20 Years Old - Part 3	https://www.youtube.com/watch?v=T6YE1CEWsHk	2369	NA
i4_TbWVmlpM	Execution On EurUsd: 30 Pips Asian Range To Buyside Liquidity	https://www.youtube.com/watch?v=i4_TbWVmlpM	269	NA
2rFZwUaGxyY	If I Had To Restart Again As A Trader, At 20 Years Old - Part 2	https://www.youtube.com/watch?v=2rFZwUaGxyY	1886	NA
AVef-n67Kmw	Market Structure Is Not It	https://www.youtube.com/watch?v=AVef-n67Kmw	1482	NA
WySgjFjWhY0	If I Had To Restart As A Trader, At 20 Years Old?	https://www.youtube.com/watch?v=WySgjFjWhY0	3994	NA
ahTNkvVbPdI	ICT Forex Scalping Interactive Study	https://www.youtube.com/watch?v=ahTNkvVbPdI	721	NA
PrbvJ5Gzh4Q	ICT Forex Interactive Learning Experience - Scalping OTE Setups	https://www.youtube.com/watch?v=PrbvJ5Gzh4Q	1014	NA
jBCdc2vsmNE	Why ICT Doesn't Trade NonFarm Payroll	https://www.youtube.com/watch?v=jBCdc2vsmNE	1295	NA
6JUuFDwG-GI	What Trading Books Influenced ICT Early On?	https://www.youtube.com/watch?v=6JUuFDwG-GI	5503	NA
BiRjR_kqBC0	ICT Price Action Lesson: Major Moves With Seasonal Tendencies	https://www.youtube.com/watch?v=BiRjR_kqBC0	3676	NA
lp9cfZrqwjA	ICT On Bitcoin Over 29k - Let's Talk About It	https://www.youtube.com/watch?v=lp9cfZrqwjA	3310	NA
RLDLuYaZYI4	ICT Forex Lesson - Keys To Daily Bias In The Forex Market	https://www.youtube.com/watch?v=RLDLuYaZYI4	6244	NA
PBzd2u4AgbE	ICT Forex Price Action Lesson : Trending Days	https://www.youtube.com/watch?v=PBzd2u4AgbE	2379	NA
iDwYeyxTDiU	ICT Rant & EurUsd Example For "Proof" of concept	https://www.youtube.com/watch?v=iDwYeyxTDiU	5500	NA
YYsfAvz0c3o	ICT Forex Lecture: Revisiting The Friday Asian Range	https://www.youtube.com/watch?v=YYsfAvz0c3o	1045	NA
7SUa7lw2zTw	ICT Price Action Lesson:  Friday Asian Range Concept	https://www.youtube.com/watch?v=7SUa7lw2zTw	2232	NA
aWFSvqxEfg8	ICT Price Action Lecture:  Liquidity Purge & Revert	https://www.youtube.com/watch?v=aWFSvqxEfg8	3171	NA
qWmWCMxaPlY	My View on Gurus Turn Reviewer & Why I Prefer Forex	https://www.youtube.com/watch?v=qWmWCMxaPlY	4306	NA
De64-j3rHlI	ICT Price Action:  View Price With Institutional Perception	https://www.youtube.com/watch?v=De64-j3rHlI	3211	NA
Utbl3Tv6UEg	ICT Forex Price Action Lecture: Daytrading & Psychology	https://www.youtube.com/watch?v=Utbl3Tv6UEg	5386	NA
HRIXsFHYVmw	Blending Price Patterns With Time & Price Theory [Part 2]	https://www.youtube.com/watch?v=HRIXsFHYVmw	286	NA
Uh3YMjDeM3E	Blending Price Patterns With Time & Price Theory	https://www.youtube.com/watch?v=Uh3YMjDeM3E	598	NA
d1p7-SS0iD8	ICT Price Action Lecture: Non-Farm Payroll Trade Conditions & The Coming Volatility Storm	https://www.youtube.com/watch?v=d1p7-SS0iD8	1884	NA
nz7Y5lrAqgM	ICT Forex Trade Review & Losing Trade	https://www.youtube.com/watch?v=nz7Y5lrAqgM	1632	NA
9_qyz3TNcJU	ICT Institutional Price Action: Micro-Market Structure & Time & Price Concepts Part 02	https://www.youtube.com/watch?v=9_qyz3TNcJU	2106	NA
q0AxUH5W5FU	ICT Institutional Price Action - Micro-Market Structure & Time & Price Concepts	https://www.youtube.com/watch?v=q0AxUH5W5FU	547	NA
AoXOBI0PqCE	ICT Forex Price Action Lesson:  Trade Review, Brokers & MT4 Scams	https://www.youtube.com/watch?v=AoXOBI0PqCE	6272	NA
_9QfSbpZTZA	ICT Forex Price Action Lesson: Advanced IPDA Insights	https://www.youtube.com/watch?v=_9QfSbpZTZA	2877	NA
q1vrarNcnfU	ICT Forex Price Action Lesson:  GbpUsd Trade Recap & Price Action Lecture	https://www.youtube.com/watch?v=q1vrarNcnfU	4355	NA
nj0CMa4pvl4	ICT Forex Price Action Lesson:  GbpUsd NYO MMS Model	https://www.youtube.com/watch?v=nj0CMa4pvl4	270	NA
VhSCEMvUNds	ICT Forex Price Action Lesson:  London Close GbpUsd Scalp	https://www.youtube.com/watch?v=VhSCEMvUNds	226	NA
ES_F4B7OavE	Real Life & Distractions - I'm not exempt from them  :)	https://www.youtube.com/watch?v=ES_F4B7OavE	230	NA
EAQmnxWun-c	ICT Forex Price Action Lesson:  EurUsd Market Maker Sell Model	https://www.youtube.com/watch?v=EAQmnxWun-c	959	NA
PhwmtkNxxcA	ICT Forex Price Action Lesson:  Cross Currency Relationships & HTF Institutional Order Flow	https://www.youtube.com/watch?v=PhwmtkNxxcA	1589	NA
APjWO6oFNbk	ICT Forex Price Action Lesson : GbpUsd London Close Short	https://www.youtube.com/watch?v=APjWO6oFNbk	654	NA
_j_youagfes	ICT Forex Price Action Lesson: Orderflow & Volume Imbalances	https://www.youtube.com/watch?v=_j_youagfes	6250	NA
7PwoZyn7Wh4	ICT Forex Price Action Lesson : Seek & Destroy Profile	https://www.youtube.com/watch?v=7PwoZyn7Wh4	902	NA
RRiqh-8gWqA	ICT Forex Lesson - EurUsd NYO Lecture	https://www.youtube.com/watch?v=RRiqh-8gWqA	849	NA
JmcjMJQPFxs	ICT Forex Price Action Lesson - IPDA Vs. Wyckoff Theory	https://www.youtube.com/watch?v=JmcjMJQPFxs	6369	NA
r_1XhgO0FKk	ICT Forex - Institutional Concepts & Market Making Insights In Action	https://www.youtube.com/watch?v=r_1XhgO0FKk	3651	NA
JoJwLnZIQj4	ICT Forex Trade Example - EurUsd New York Open	https://www.youtube.com/watch?v=JoJwLnZIQj4	544	NA
R-t2apD7z50	ICT Forex Price Action Lesson : EurUsd MRP	https://www.youtube.com/watch?v=R-t2apD7z50	637	NA
5NdulSnFFUw	Forex London Close Homework - Silent Study	https://www.youtube.com/watch?v=5NdulSnFFUw	329	NA
2mtzC7ajUew	ICT Forex OTE Example : EurUsd	https://www.youtube.com/watch?v=2mtzC7ajUew	309	NA
OUfb00hsGRA	What Journals I Use & An Example Entry	https://www.youtube.com/watch?v=OUfb00hsGRA	298	NA
aGdx-YmxawQ	If I Could Go Back & Tell Myself What I Know Now... Part 4 of 4	https://www.youtube.com/watch?v=aGdx-YmxawQ	2524	NA
MPlNRxHkh_M	If I Could Go Back & Tell Myself What I Know Now... Part 3 of 4	https://www.youtube.com/watch?v=MPlNRxHkh_M	1209	NA
cwoBv5aI0Vk	If I Could Go Back & Tell Myself What I Know Now... Part 2 of 4	https://www.youtube.com/watch?v=cwoBv5aI0Vk	1874	NA
yW2ADr7hG0E	If I Could Go Back & Tell Myself What I Know Now... Part 1 of 4	https://www.youtube.com/watch?v=yW2ADr7hG0E	3450	NA
L--1zBIEanY	OTE Pattern Recognition Series - Vol. 20	https://www.youtube.com/watch?v=L--1zBIEanY	279	NA
9F-anykT7J0	OTE Pattern Recognition Series - Vol.19	https://www.youtube.com/watch?v=9F-anykT7J0	192	NA
YMt87VQRpNM	OTE Pattern Recognition Series - Vol.18	https://www.youtube.com/watch?v=YMt87VQRpNM	249	NA
FNwqw7IiByo	OTE Pattern Recognition Series - Vol.17	https://www.youtube.com/watch?v=FNwqw7IiByo	202	NA
ZbkEvNpm-_k	OTE Pattern Recognition Series - Vol.16	https://www.youtube.com/watch?v=ZbkEvNpm-_k	756	NA
RP6rVMJP4hA	OTE Pattern Recognition Series - Vol. 15	https://www.youtube.com/watch?v=RP6rVMJP4hA	498	NA
cYzS_kFxv7M	OTE Pattern Recognition Series - Vol. 14	https://www.youtube.com/watch?v=cYzS_kFxv7M	505	NA
GtTKPt-K9u0	OTE Pattern Recognition Series - Vol. 13	https://www.youtube.com/watch?v=GtTKPt-K9u0	262	NA
6D3sKabkozk	OTE Pattern Recognition Series - Vol. 12	https://www.youtube.com/watch?v=6D3sKabkozk	109	NA
-k1eBYoajIo	OTE Pattern Recognition Series - Vol. 11	https://www.youtube.com/watch?v=-k1eBYoajIo	160	NA
j5x90p55O8A	OTE Pattern Recognition Series - Vol. 10	https://www.youtube.com/watch?v=j5x90p55O8A	254	NA
uqptoSAGS30	OTE Pattern Recognition Series - Vol. 09	https://www.youtube.com/watch?v=uqptoSAGS30	246	NA
ifFDif82Bmg	OTE Pattern Recognition Series - Vol. 08	https://www.youtube.com/watch?v=ifFDif82Bmg	518	NA
_x36n9Jc2JQ	OTE Pattern Recognition Series - Vol. 07	https://www.youtube.com/watch?v=_x36n9Jc2JQ	323	NA
Vx25X2sbxPA	OTE Pattern Recognition Series - Vol. 06	https://www.youtube.com/watch?v=Vx25X2sbxPA	399	NA
t6y637OyiDY	OTE Pattern Recognition Series - Vol. 05	https://www.youtube.com/watch?v=t6y637OyiDY	203	NA
Q0SFXEQqI08	OTE Pattern Recognition Series - Vol. 04	https://www.youtube.com/watch?v=Q0SFXEQqI08	481	NA
TmbLhchNrAM	OTE Pattern Recognition Series - Vol. 03	https://www.youtube.com/watch?v=TmbLhchNrAM	393	NA
v6ATva5DF0I	OTE Pattern Recognition Series - Vol. 02	https://www.youtube.com/watch?v=v6ATva5DF0I	331	NA
E9F_aT9f038	OTE Pattern Recognition Series - Vol. 01	https://www.youtube.com/watch?v=E9F_aT9f038	3447	NA
BzYpUDGgfCw	Trading Emini S&P 500 Futures	https://www.youtube.com/watch?v=BzYpUDGgfCw	310	NA
xGFCIUFxsbw	Essentials To ICT Market Structure	https://www.youtube.com/watch?v=xGFCIUFxsbw	2505	NA
5xh6Z1DAO9I	Forex Price Action Discussion - AudUsd	https://www.youtube.com/watch?v=5xh6Z1DAO9I	1928	NA
lcsDZW_hxwc	Forex Intraday - Working In Small Ranges	https://www.youtube.com/watch?v=lcsDZW_hxwc	301	NA
bkt4_qWnVZE	ICT Mentorship - Learn How To Read Forex Price Action	https://www.youtube.com/watch?v=bkt4_qWnVZE	230	NA
yUpDZCbNBRI	High Probability Forex Day Trading	https://www.youtube.com/watch?v=yUpDZCbNBRI	251	NA
0mF1S2NDdNI	Is Forex Intraday Really Just "Noise"?	https://www.youtube.com/watch?v=0mF1S2NDdNI	4101	NA
baYMY7oj2_M	The Illusion Of Choice	https://www.youtube.com/watch?v=baYMY7oj2_M	439	NA
54yWnOON0zQ	What Makes Trade Setups Low Odds?  Trapped Order Flow	https://www.youtube.com/watch?v=54yWnOON0zQ	1537	NA
ZiNpaXftqPE	GbpUsd New York Session LRLR	https://www.youtube.com/watch?v=ZiNpaXftqPE	246	NA
RjFRTOKGviU	Btc Update Dec 30 - Price Delivery & Mastery Example	https://www.youtube.com/watch?v=RjFRTOKGviU	48	NA
12rir5pvn00	Bitcoin 3900 Short Framework	https://www.youtube.com/watch?v=12rir5pvn00	199	NA
peG_rIahvd0	Bitcoin Technical Talk - PG13	https://www.youtube.com/watch?v=peG_rIahvd0	2012	NA
Bf_9rrIXw7E	GbpUsd 1.2665 Run	https://www.youtube.com/watch?v=Bf_9rrIXw7E	1099	NA
7wSY70v7Me4	ICT Musings On GbpUsd & Bitcoin - Mentorship Level Preview	https://www.youtube.com/watch?v=7wSY70v7Me4	3846	NA
fmC14ZvCS3o	1440 Part 2	https://www.youtube.com/watch?v=fmC14ZvCS3o	2660	NA
Sjc5z0cHuu0	1440	https://www.youtube.com/watch?v=Sjc5z0cHuu0	2919	NA
Xy1js9GXy60	ICT January 24, 2018	https://www.youtube.com/watch?v=Xy1js9GXy60	768	NA
OK1Zdyr39wo	ICT January 17, 2018	https://www.youtube.com/watch?v=OK1Zdyr39wo	1127	NA
xHI6Wd1V8t0	ICT January 13, 2018	https://www.youtube.com/watch?v=xHI6Wd1V8t0	1167	NA
c5pKck9PwsQ	ICT January 12, 2018	https://www.youtube.com/watch?v=c5pKck9PwsQ	9872	NA
AcKelqKMkr8	ICT January 2018 NFP - Fiber & Cable Practice	https://www.youtube.com/watch?v=AcKelqKMkr8	1362	NA
1iTBVIuvM3E	ICT January 08, 2018	https://www.youtube.com/watch?v=1iTBVIuvM3E	4227	NA
_hVCTzVH8iw	ICT January 03, 2018	https://www.youtube.com/watch?v=_hVCTzVH8iw	1284	NA
s1cE9klZqmw	ICT On BitCoin	https://www.youtube.com/watch?v=s1cE9klZqmw	2607	NA
nMmihrR-0Q0	ICT Precision Trading Concepts - 3	https://www.youtube.com/watch?v=nMmihrR-0Q0	1917	NA
lQDGiZhs5R8	ICT Precision Trading Concepts - 2	https://www.youtube.com/watch?v=lQDGiZhs5R8	2243	NA
nHUtxQj5jks	ICT Precision Trading Concepts - 1	https://www.youtube.com/watch?v=nHUtxQj5jks	4580	NA
rpowqxnrU_E	ICT Forex Scout Sniper Basic Field Guide - Vol. 8	https://www.youtube.com/watch?v=rpowqxnrU_E	3520	NA
J_7v2i3ogwk	ICT Forex Scout Sniper Basic Field Guide - Vol. 7	https://www.youtube.com/watch?v=J_7v2i3ogwk	4590	NA
cMQKz7I9-Qs	ICT Forex Scout Sniper Basic Field Guide  - Vol. 6	https://www.youtube.com/watch?v=cMQKz7I9-Qs	3311	NA
J2C9vd4-awI	ICT Forex Scout Sniper Basic Field Guide - Vol. 5	https://www.youtube.com/watch?v=J2C9vd4-awI	5621	NA
AzHBXw3bNfM	ICT Forex Scout Sniper Basic Field Guide - Vol. 4	https://www.youtube.com/watch?v=AzHBXw3bNfM	9809	NA
LifG37ky-Rg	ICT Forex Scout Sniper Basic Field Guide -  Vol. 3	https://www.youtube.com/watch?v=LifG37ky-Rg	8944	NA
yHBMkm6VXJU	ICT Forex Scout Sniper Basic Field Guide - Vol. 2	https://www.youtube.com/watch?v=yHBMkm6VXJU	5592	NA
qstxYesCTQk	ICT Forex Scout Sniper Basic Field Guide - Vol. 1	https://www.youtube.com/watch?v=qstxYesCTQk	2209	NA
s9bg8JF7rm8	ICT - Trading Plan Development 6	https://www.youtube.com/watch?v=s9bg8JF7rm8	5021	NA
VCcVx5cbAxU	ICT - Trading Plan Development 7	https://www.youtube.com/watch?v=VCcVx5cbAxU	4491	NA
FZ6QIWBu688	ICT - Trading Plan Development 5	https://www.youtube.com/watch?v=FZ6QIWBu688	4722	NA
6z7H7LB5jGA	ICT - Trading Plan Development 3	https://www.youtube.com/watch?v=6z7H7LB5jGA	2757	NA
P2rRlaZCUlA	ICT - Trading Plan Development 4	https://www.youtube.com/watch?v=P2rRlaZCUlA	1817	NA
QianVH6cyAQ	ICT - Trading Plan Development 2	https://www.youtube.com/watch?v=QianVH6cyAQ	1037	NA
JOy9KzkLlag	ICT - Trading Plan Development 1	https://www.youtube.com/watch?v=JOy9KzkLlag	4106	NA
aWgYCfvnlqM	ICT Forex - COT Insights For Effective Price Action Analysis	https://www.youtube.com/watch?v=aWgYCfvnlqM	579	NA
QSqIeu9tjek	ICT Forex - Trade Psychology & Effective Journaling	https://www.youtube.com/watch?v=QSqIeu9tjek	3477	NA
nNEt9QTCTtk	ICT Forex - Target Selection & Profit Objectives	https://www.youtube.com/watch?v=nNEt9QTCTtk	1115	NA
Yqio1Ja0lIQ	ICT Forex - The Weekly Bias - Excellence In Short Term Trading	https://www.youtube.com/watch?v=Yqio1Ja0lIQ	2295	NA
9CCrlTIrkxw	ICT Forex - Secrets To Swing Trading	https://www.youtube.com/watch?v=9CCrlTIrkxw	1650	NA
YcAfcpUCbDw	ICT Forex - Higher Time Frame Concepts	https://www.youtube.com/watch?v=YcAfcpUCbDw	1636	NA
uxsmSMsuleY	ICT Forex - How To Find Explosive Price Moves Before They Happen	https://www.youtube.com/watch?v=uxsmSMsuleY	924	NA
30petm6SZz0	ICT Forex - The ICT ATM Method	https://www.youtube.com/watch?v=30petm6SZz0	873	NA
isXicdayBwA	ICT Forex - The ICT Smart Money Technique or SMT	https://www.youtube.com/watch?v=isXicdayBwA	1176	NA
T0JyGdJ28fM	ICT Forex - Trading The Key Swing Points	https://www.youtube.com/watch?v=T0JyGdJ28fM	518	NA
vJvcZGGeTZU	ICT Forex - Essentials To Trading The Daily Bias	https://www.youtube.com/watch?v=vJvcZGGeTZU	1160	NA
RtMRykCZtC4	ICT Forex - Money Management That Works	https://www.youtube.com/watch?v=RtMRykCZtC4	2573	NA
xJMbva8SjzE	ICT Forex - Understanding The ICT Judas Swing	https://www.youtube.com/watch?v=xJMbva8SjzE	847	NA
JA0mLNJeytY	ICT Forex - Implementing The Asian Range	https://www.youtube.com/watch?v=JA0mLNJeytY	2349	NA
49Nz1pPLEWI	ICT Weekly Recap & Table Talk Session - 11/17/17	https://www.youtube.com/watch?v=49Nz1pPLEWI	5907	NA
lbAQNxRPXMs	ICT Supplemental Session 01 - Mastering High Probability Scalping	https://www.youtube.com/watch?v=lbAQNxRPXMs	1206	NA
7WM8qdkanIY	ICT Forex - What New Traders Should Focus On	https://www.youtube.com/watch?v=7WM8qdkanIY	1711	NA
tlKC9nvLRK0	ICT Forex - Considerations In Risk Management	https://www.youtube.com/watch?v=tlKC9nvLRK0	1224	NA
dIT4HTFYGGo	ICT Forex - Accumulation - Manipulation - Distribution	https://www.youtube.com/watch?v=dIT4HTFYGGo	1192	NA
Sb9m_dxr4bI	ICT Forex - Time & Price Theory	https://www.youtube.com/watch?v=Sb9m_dxr4bI	1280	NA
ley5HZs4bUM	ICT Forex - The ICT Asian Killzone	https://www.youtube.com/watch?v=ley5HZs4bUM	800	NA
G8OEsUAoIWE	ICT Forex - The ICT London Killzone	https://www.youtube.com/watch?v=G8OEsUAoIWE	1295	NA
plNN9n7nrxc	ICT Forex - The ICT New York Killzone	https://www.youtube.com/watch?v=plNN9n7nrxc	951	NA
3OEUIkkcmLE	ICT Forex - The ICT London Close  Killzone	https://www.youtube.com/watch?v=3OEUIkkcmLE	574	NA
fS32XgpDtp0	Asian Session EurUsd Short - London Session AudUsd	https://www.youtube.com/watch?v=fS32XgpDtp0	179	NA
CA6kWNf3eaM	ICT - Trade Review GbpUsd & Commentary	https://www.youtube.com/watch?v=CA6kWNf3eaM	768	NA
07Fq_OeuonI	EurUsd 11/28/17 Review & ICT Mentorship Info	https://www.youtube.com/watch?v=07Fq_OeuonI	2334	NA
UQo4v1DREuU	ICT W.E.N.T. Series 5 of 5	https://www.youtube.com/watch?v=UQo4v1DREuU	7936	NA
W4XR6X9PdNo	ICT Weekly Scalping Setup Review - 11/25/17	https://www.youtube.com/watch?v=W4XR6X9PdNo	1509	NA
tewJfsm9sRk	ICT Origins - Power Of 3 Concept	https://www.youtube.com/watch?v=tewJfsm9sRk	51	NA
JdHABKIEU1I	ICT On Institutional Price Levels & New Science Of Fib Use	https://www.youtube.com/watch?v=JdHABKIEU1I	3501	NA
UuMaC9n8Uy4	ICT - Mastering High Probability Scalping Vol. 3 of 3	https://www.youtube.com/watch?v=UuMaC9n8Uy4	1488	NA
ntqw8rgXUss	Weekly Summary & Discussion - 11/10/17	https://www.youtube.com/watch?v=ntqw8rgXUss	2120	NA
1Wmh8829mZs	ICT - Mastering High Probability Scalping Vol.  2 of 3	https://www.youtube.com/watch?v=1Wmh8829mZs	1179	NA
UpyS34voILk	ICT - London OTE Demo Scalping Example - UsdCad	https://www.youtube.com/watch?v=UpyS34voILk	546	NA
nBschaCBNLU	ICT - UsdCad Market Review - Demo Example Long OTE	https://www.youtube.com/watch?v=nBschaCBNLU	1162	NA
S8ztuGt29FM	ICT - Live Trade Example OTE Short - NFP	https://www.youtube.com/watch?v=S8ztuGt29FM	224	NA
q2B1byYyaO0	Post GbpUsd Rate Announcement Commentary	https://www.youtube.com/watch?v=q2B1byYyaO0	502	NA
uE-aaP16nOw	ICT - Mastering High Probability Scalping Vol. 1 of 3	https://www.youtube.com/watch?v=uE-aaP16nOw	2566	NA
vAI8TDk2b2Q	ICT Pattern Recognition Drills - October 30, 2017	https://www.youtube.com/watch?v=vAI8TDk2b2Q	799	NA
2aoCzJvkAk0	Silent ICT Price Action Practice Session Example - Cable	https://www.youtube.com/watch?v=2aoCzJvkAk0	124	NA
bF0qdgaWk0Q	ICT Pattern Recognition Drill - OTE UsdChf New York Session 10/27/17	https://www.youtube.com/watch?v=bF0qdgaWk0Q	144	NA
uiszrzGyUqU	ICT Pattern Recognition Drill - OTE Gold New York Session 10/27/17	https://www.youtube.com/watch?v=uiszrzGyUqU	332	NA
cb4WiKroyVs	ICT Pattern Recognition Drill - OTE AusUsd New York Session 10/27/17	https://www.youtube.com/watch?v=cb4WiKroyVs	207	NA
RdRaUPb9pgE	ICT Pattern Recognition Drill - OTE UsdJpy New York Session 10/27/17	https://www.youtube.com/watch?v=RdRaUPb9pgE	174	NA
o8snDyA6kok	ICT Pattern Recognition Drill - OTE UsdCad New York Session 10/27/17	https://www.youtube.com/watch?v=o8snDyA6kok	118	NA
mDk6ZBadNHk	ICT Pattern Recognition Drill - OTE Fiber EurUsd New York Session	https://www.youtube.com/watch?v=mDk6ZBadNHk	258	NA
fXLfTI_EQU4	Integrating ICT Concepts - ECB Review	https://www.youtube.com/watch?v=fXLfTI_EQU4	901	NA
pcw_ty0hqoo	Pattern Recognition - NYO Fiber Long Order Block & OTE	https://www.youtube.com/watch?v=pcw_ty0hqoo	428	NA
6OrxmQfzXK8	Intraday Scalping Example With Multiple Entries On Order Blocks	https://www.youtube.com/watch?v=6OrxmQfzXK8	542	NA
0s9V43fVshc	ICT W.E.N.T. Series - 4 of 5	https://www.youtube.com/watch?v=0s9V43fVshc	8942	NA
xl6WdAUV1hE	ICT Development Concept: Scalping Exercise	https://www.youtube.com/watch?v=xl6WdAUV1hE	860	NA
x39H7GJggoc	Pattern Recognition - London Close OTE Short - Fiber	https://www.youtube.com/watch?v=x39H7GJggoc	316	NA
VLyLPaLrKos	ICT W.E.N.T. Series - Part 3 of 5	https://www.youtube.com/watch?v=VLyLPaLrKos	7814	NA
Nl-eKxgPWI4	Pattern Recognition - Breakers & Market Structure	https://www.youtube.com/watch?v=Nl-eKxgPWI4	481	NA
l0RCVr_QSpM	What Do ICT Tutorials Teach You?	https://www.youtube.com/watch?v=l0RCVr_QSpM	231	NA
yMOVHcw3-Rc	ICT W.E.N.T. Series - Part 2 of 5	https://www.youtube.com/watch?v=yMOVHcw3-Rc	3042	NA
7B6UPKvJG60	ICT W.E.N.T. Series - Part 1 of 5	https://www.youtube.com/watch?v=7B6UPKvJG60	4540	NA
XrXgtl2HBzw	Pattern Recognition - Failed OTE & FOMC Mitigation Example	https://www.youtube.com/watch?v=XrXgtl2HBzw	633	NA
_MlDomtI4h0	Pattern Recognition - London Open OTE & Order Block	https://www.youtube.com/watch?v=_MlDomtI4h0	230	NA
OuwluDkvbxc	Pattern Recognition - Aussie OTE NYO	https://www.youtube.com/watch?v=OuwluDkvbxc	258	NA
aQrd75xwBS4	Pattern Recognition - Fiber OTE NYO and Asian Session	https://www.youtube.com/watch?v=aQrd75xwBS4	335	NA
M27EOgtHhis	Anticipating OTE Patterns - Early Entries	https://www.youtube.com/watch?v=M27EOgtHhis	1298	NA
cZ8wPPBptAo	Fiber Short - Asian Session Example	https://www.youtube.com/watch?v=cZ8wPPBptAo	819	NA
Cg0-CFJOJvg	OTE Primer - Intro To ICT Optimal Trade Entry	https://www.youtube.com/watch?v=Cg0-CFJOJvg	2680	NA
PPRuKsrsfS0	UsdCad Commentary	https://www.youtube.com/watch?v=PPRuKsrsfS0	1223	NA
iN8sCjiR1Bs	Building Equity In Short Term Timeframes - No Audio	https://www.youtube.com/watch?v=iN8sCjiR1Bs	278	NA
mV1y9jIYyIU	Breaking Bad Habits Webinar & Intraday Scalp Example	https://www.youtube.com/watch?v=mV1y9jIYyIU	4528	NA
